,DimensionMemberCode,DisplayString,IOC,ISO,ISO2,ITU,SHORTNAMEES,SHORTNAMEFR,WHO,WHOLEGALSTATUS,WHO_REGION,WHO_REGION_CODE,WMO,WORLD_BANK_INCOME_GROUP,WORLD_BANK_INCOME_GROUP_CODE,WORLD_BANK_INCOME_GROUP_GNI_REFERENCE_YEAR,WORLD_BANK_INCOME_GROUP_RELEASE_DATE,alpha-2,alpha-3,common_name,intermediate-region,intermediate-region-code,iso_3166-2,location,name,population,region,region-code,sub-region,sub-region-code
0,AFG,Afghanistan,AFG,AFG,AF,AFG,Afganistan,Afghanistan,AFG,M,Eastern Mediterranean,EMR,AF,Low income,WB_LI,2017.0,2018.0,AF,AFG,Afghanistan,,,ISO 3166-2:AF,Afghanistan,Afghanistan,38055000,Asia,142.0,Southern Asia,34.0
1,ALB,Albania,ALB,ALB,AL,ALB,Albania,Albanie,ALB,M,Europe,EUR,AB,Upper middle income,WB_UMI,2017.0,2018.0,AL,ALB,Albania,,,ISO 3166-2:AL,Albania,Albania,2942000,Europe,150.0,Southern Europe,39.0
2,DZA,Algeria,ALG,DZA,DZ,ALG,Argelia,Algérie,ALG,M,Africa,AFR,AL,Upper middle income,WB_UMI,2017.0,2018.0,DZ,DZA,Algeria,,,ISO 3166-2:DZ,Algeria,Algeria,43333000,Africa,2.0,Northern Africa,15.0
3,AND,Andorra,AND,AND,AD,AND,Andorra,Andorre,AND,M,Europe,EUR,,High income,WB_HI,2017.0,2018.0,AD,AND,Andorra,,,ISO 3166-2:AD,Andorra,Andorra,77000,Europe,150.0,Southern Europe,39.0
4,AGO,Angola,ANG,AGO,AO,AGL,Angola,Angola,ANG,M,Africa,AFR,AN,Lower middle income,WB_LMI,2017.0,2018.0,AO,AGO,Angola,Middle Africa,17.0,ISO 3166-2:AO,Angola,Angola,32827000,Africa,2.0,Sub-Saharan Africa,202.0
5,ATG,Antigua and Barbuda,ANT,ATG,AG,ATG,Antigua y Barbuda,Antigua-et-Barbuda,ANI,M,Americas,AMR,AT,High income,WB_HI,2017.0,2018.0,AG,ATG,Antigua and Barbuda,Caribbean,29.0,ISO 3166-2:AG,Antigua and Barbuda,Antigua and Barbuda,105000,Americas,19.0,Latin America and the Caribbean,419.0
6,ARG,Argentina,ARG,ARG,AR,ARG,Argentina,Argentine,ARG,M,Americas,AMR,AG,High income,WB_HI,2017.0,2018.0,AR,ARG,Argentina,South America,5.0,ISO 3166-2:AR,Argentina,Argentina,45510000,Americas,19.0,Latin America and the Caribbean,419.0
7,ARM,Armenia,ARM,ARM,AM,ARM,Armenia,Arménie,ARM,M,Europe,EUR,AY,Upper middle income,WB_UMI,2017.0,2018.0,AM,ARM,Armenia,,,ISO 3166-2:AM,Armenia,Armenia,2939000,Asia,142.0,Western Asia,145.0
8,AUS,Australia,AUS,AUS,AU,AUS,Australia,Australie,AUS,M,Western Pacific,WPR,AU,High income,WB_HI,2017.0,2018.0,AU,AUS,Australia,,,ISO 3166-2:AU,Australia,Australia,25398000,Oceania,9.0,Australia and New Zealand,53.0
9,AUT,Austria,AUT,AUT,AT,AUT,Austria,Autriche,AUT,M,Europe,EUR,OS,High income,WB_HI,2017.0,2018.0,AT,AUT,Austria,,,ISO 3166-2:AT,Austria,Austria,8782000,Europe,150.0,Western Europe,155.0
10,AZE,Azerbaijan,AZE,AZE,AZ,AZE,Azerbaijan,Azerbaïdjan,AZE,M,Europe,EUR,AJ,Upper middle income,WB_UMI,2017.0,2018.0,AZ,AZE,Azerbaijan,,,ISO 3166-2:AZ,Azerbaijan,Azerbaijan,10100000,Asia,142.0,Western Asia,145.0
11,BHS,Bahamas,BAH,BHS,BS,BAH,Bahamas,Bahamas,BAH,M,Americas,AMR,BA,High income,WB_HI,2017.0,2018.0,BS,BHS,Bahamas,Caribbean,29.0,ISO 3166-2:BS,Bahamas,Bahamas,407000,Americas,19.0,Latin America and the Caribbean,419.0
12,BHR,Bahrain,BRN,BHR,BH,BHR,Bahrein,Bahreïn,BAA,M,Eastern Mediterranean,EMR,BN,High income,WB_HI,2017.0,2018.0,BH,BHR,Bahrain,,,ISO 3166-2:BH,Bahrain,Bahrain,1698000,Asia,142.0,Western Asia,145.0
13,BGD,Bangladesh,BAN,BGD,BD,BGD,Bangladesh,Bangladesh,BAN,M,South-East Asia,SEAR,BW,Lower middle income,WB_LMI,2017.0,2018.0,BD,BGD,Bangladesh,,,ISO 3166-2:BD,Bangladesh,Bangladesh,169775000,Asia,142.0,Southern Asia,34.0
14,BRB,Barbados,BAR,BRB,BB,BRB,Barbados,Barbade,BAR,M,Americas,AMR,BR,High income,WB_HI,2017.0,2018.0,BB,BRB,Barbados,Caribbean,29.0,ISO 3166-2:BB,Barbados,Barbados,288000,Americas,19.0,Latin America and the Caribbean,419.0
15,BLR,Belarus,BLR,BLR,BY,BLR,Belarus,Bélarus,BLR,M,Europe,EUR,BY,Upper middle income,WB_UMI,2017.0,2018.0,BY,BLR,Belarus,,,ISO 3166-2:BY,Belarus,Belarus,9415000,Europe,150.0,Eastern Europe,151.0
16,BEL,Belgium,BEL,BEL,BE,BEL,Belgica,Belgique,BEL,M,Europe,EUR,BX,High income,WB_HI,2017.0,2018.0,BE,BEL,Belgium,,,ISO 3166-2:BE,Belgium,Belgium,11620000,Europe,150.0,Western Europe,155.0
17,BLZ,Belize,BIZ,BLZ,BZ,BLZ,Belice,Belize,BLZ,M,Americas,AMR,BH,Upper middle income,WB_UMI,2017.0,2018.0,BZ,BLZ,Belize,Central America,13.0,ISO 3166-2:BZ,Belize,Belize,398000,Americas,19.0,Latin America and the Caribbean,419.0
18,BEN,Benin,BEN,BEN,BJ,BEN,Benin,Bénin,BEN,M,Africa,AFR,BJ,Low income,WB_LI,2017.0,2018.0,BJ,BEN,Benin,Western Africa,11.0,ISO 3166-2:BJ,Benin,Benin,12123000,Africa,2.0,Sub-Saharan Africa,202.0
19,BTN,Bhutan,BHU,BTN,BT,BTN,Bhutan,Bhoutan,BHU,M,South-East Asia,SEAR,,Lower middle income,WB_LMI,2017.0,2018.0,BT,BTN,Bhutan,,,ISO 3166-2:BT,Bhutan,Bhutan,835000,Asia,142.0,Southern Asia,34.0
20,BOL,Bolivia (Plurinational State of),BOL,BOL,BO,BOL,Bolivia (Estado Plurinacional de)  ,Bolivie (État plurinational de),BOL,M,Americas,AMR,BO,Lower middle income,WB_LMI,2017.0,2018.0,BO,BOL,Bolivia,South America,5.0,ISO 3166-2:BO,Bolivia (Plurinational State of),Bolivia (Plurinational State of),11544000,Americas,19.0,Latin America and the Caribbean,419.0
21,BIH,Bosnia and Herzegovina,BIH,BIH,BA,BIH,Bosnia y Herzegovina,Bosnie-Herzégovine,BIH,M,Europe,EUR,BG,Upper middle income,WB_UMI,2017.0,2018.0,BA,BIH,Bosnia and Herzegovina,,,ISO 3166-2:BA,Bosnia and Herzegovina,Bosnia and Herzegovina,3498000,Europe,150.0,Southern Europe,39.0
22,BWA,Botswana,BOT,BWA,BW,BOT,Botswana,Botswana,BOT,M,Africa,AFR,BC,Upper middle income,WB_UMI,2017.0,2018.0,BW,BWA,Botswana,Southern Africa,18.0,ISO 3166-2:BW,Botswana,Botswana,2416000,Africa,2.0,Sub-Saharan Africa,202.0
23,BRA,Brazil,BRA,BRA,BR,B,Brasil,Brésil,BRA,M,Americas,AMR,BZ,Upper middle income,WB_UMI,2017.0,2018.0,BR,BRA,Brazil,South America,5.0,ISO 3166-2:BR,Brazil,Brazil,213863000,Americas,19.0,Latin America and the Caribbean,419.0
24,BRN,Brunei Darussalam,BRU,BRN,BN,BRU,Brunei Darussalam,Brunéi Darussalam,BRU,M,Western Pacific,WPR,BD,High income,WB_HI,2017.0,2018.0,BN,BRN,Brunei Darussalam,,,ISO 3166-2:BN,Brunei Darussalam,Brunei Darussalam,445000,Asia,142.0,South-eastern Asia,35.0
25,BGR,Bulgaria,BUL,BGR,BG,BUL,Bulgaria,Bulgarie,BUL,M,Europe,EUR,BU,Upper middle income,WB_UMI,2017.0,2018.0,BG,BGR,Bulgaria,,,ISO 3166-2:BG,Bulgaria,Bulgaria,6941000,Europe,150.0,Eastern Europe,151.0
26,BFA,Burkina Faso,BUR,BFA,BF,BFA,Burkina Faso,Burkina Faso,BFA,M,Africa,AFR,HV,Low income,WB_LI,2017.0,2018.0,BF,BFA,Burkina Faso,Western Africa,11.0,ISO 3166-2:BF,Burkina Faso,Burkina Faso,20903000,Africa,2.0,Sub-Saharan Africa,202.0
27,BDI,Burundi,BDI,BDI,BI,BDI,Burundi,Burundi,BUU,M,Africa,AFR,BI,Low income,WB_LI,2017.0,2018.0,BI,BDI,Burundi,Eastern Africa,14.0,ISO 3166-2:BI,Burundi,Burundi,11939000,Africa,2.0,Sub-Saharan Africa,202.0
28,KHM,Cambodia,CAM,KHM,KH,CBG,Camboya,Cambodge,CAM,M,Western Pacific,WPR,KP,Lower middle income,WB_LMI,2017.0,2018.0,KH,KHM,Cambodia,,,ISO 3166-2:KH,Cambodia,Cambodia,16716000,Asia,142.0,South-eastern Asia,35.0
29,CMR,Cameroon,CMR,CMR,CM,CME,Camerun,Cameroun,CAE,M,Africa,AFR,CM,Lower middle income,WB_LMI,2017.0,2018.0,CM,CMR,Cameroon,Middle Africa,17.0,ISO 3166-2:CM,Cameroon,Cameroon,25958000,Africa,2.0,Sub-Saharan Africa,202.0
30,CAN,Canada,CAN,CAN,CA,CAN,Canada,Canada,CAN,M,Americas,AMR,CN,High income,WB_HI,2017.0,2018.0,CA,CAN,Canada,,,ISO 3166-2:CA,Canada,Canada,37603000,Americas,19.0,Northern America,21.0
31,CPV,Cabo Verde,CPV,CPV,CV,CPV,Cabo Verde,Cabo Verde,CAV,M,Africa,AFR,CV,Lower middle income,WB_LMI,2017.0,2018.0,CV,CPV,Cabo Verde,Western Africa,11.0,ISO 3166-2:CV,Cabo Verde,Cabo Verde,567000,Africa,2.0,Sub-Saharan Africa,202.0
32,CAF,Central African Republic,CAF,CAF,CF,CAF,Republica Centroafricana,République centrafricaine,CAF,M,Africa,AFR,CE,Low income,WB_LI,2017.0,2018.0,CF,CAF,Central African Republic,Middle Africa,17.0,ISO 3166-2:CF,Central African Republic,Central African Republic,4921000,Africa,2.0,Sub-Saharan Africa,202.0
33,TCD,Chad,CHA,TCD,TD,TCD,Chad (el),Tchad,CHA,M,Africa,AFR,CD,Low income,WB_LI,2017.0,2018.0,TD,TCD,Chad,Middle Africa,17.0,ISO 3166-2:TD,Chad,Chad,16285000,Africa,2.0,Sub-Saharan Africa,202.0
34,CHL,Chile,CHI,CHL,CL,CHL,Chile,Chili,CHI,M,Americas,AMR,CH,High income,WB_HI,2017.0,2018.0,CL,CHL,Chile,South America,5.0,ISO 3166-2:CL,Chile,Chile,18473000,Americas,19.0,Latin America and the Caribbean,419.0
35,CHN,China,CHN,CHN,CN,CHN,China,Chine,CHN,M,Western Pacific,WPR,CI,Upper middle income,WB_UMI,2017.0,2018.0,CN,CHN,China,,,ISO 3166-2:CN,China,China,1424548000,Asia,142.0,Eastern Asia,30.0
36,COL,Colombia,COL,COL,CO,CLM,Colombia,Colombie,COL,M,Americas,AMR,CO,Upper middle income,WB_UMI,2017.0,2018.0,CO,COL,Colombia,South America,5.0,ISO 3166-2:CO,Colombia,Colombia,50220000,Americas,19.0,Latin America and the Caribbean,419.0
37,COM,Comoros,COM,COM,KM,COM,Comoras,Comores,COM,M,Africa,AFR,IC,Low income,WB_LI,2017.0,2018.0,KM,COM,Comoros,Eastern Africa,14.0,ISO 3166-2:KM,Comoros,Comoros,870000,Africa,2.0,Sub-Saharan Africa,202.0
38,COG,Congo,CGO,COG,CG,COG,Congo (el),Congo,CNG,M,Africa,AFR,CG,Lower middle income,WB_LMI,2017.0,2018.0,CG,COG,Congo Republic,Middle Africa,17.0,ISO 3166-2:CG,Congo,Congo,5687000,Africa,2.0,Sub-Saharan Africa,202.0
39,COK,Cook Islands,COK,COK,CK,CKH,Islas Cook,Îles Cook,COK,M,Western Pacific,WPR,KU,High-income,WB_HI,2017.0,2018.0,CK,COK,Cook Islands,,,ISO 3166-2:CK,Cook Islands,Cook Islands,18000,Oceania,9.0,Polynesia,61.0
40,CRI,Costa Rica,CRC,CRI,CR,CTR,Costa Rica,Costa Rica,COR,M,Americas,AMR,CS,Upper middle income,WB_UMI,2017.0,2018.0,CR,CRI,Costa Rica,Central America,13.0,ISO 3166-2:CR,Costa Rica,Costa Rica,5044000,Americas,19.0,Latin America and the Caribbean,419.0
41,HRV,Croatia,CRO,HRV,HR,HRV,Croacia,Croatie,CRO,M,Europe,EUR,RH,High income,WB_HI,2017.0,2018.0,HR,HRV,Croatia,,,ISO 3166-2:HR,Croatia,Croatia,4116000,Europe,150.0,Southern Europe,39.0
42,CUB,Cuba,CUB,CUB,CU,CUB,Cuba,Cuba,CUB,M,Americas,AMR,CU,Upper middle income,WB_UMI,2017.0,2018.0,CU,CUB,Cuba,Caribbean,29.0,ISO 3166-2:CU,Cuba,Cuba,11495000,Americas,19.0,Latin America and the Caribbean,419.0
43,CYP,Cyprus,CYP,CYP,CY,CYP,Chipre,Chypre,CYP,M,Europe,EUR,CY,High income,WB_HI,2017.0,2018.0,CY,CYP,Cyprus,,,ISO 3166-2:CY,Cyprus,Cyprus,1207000,Asia,142.0,Western Asia,145.0
44,CZE,Czechia,CZE,CZE,CZ,CZE,Republica Checa,République tchèque,CZH,M,Europe,EUR,CZ,High income,WB_HI,2017.0,2018.0,CZ,CZE,Czech Republic,,,ISO 3166-2:CZ,Czechia,Czechia,10633000,Europe,150.0,Eastern Europe,151.0
45,CIV,Côte d'Ivoire,CIV,CIV,CI,CTI,Côte d'Ivoire,Côte d'Ivoire,IVC,M,Africa,AFR,IV,Lower middle income,WB_LMI,2017.0,2018.0,CI,CIV,Ivory Coast,Western Africa,11.0,ISO 3166-2:CI,Côte d'Ivoire,Côte d'Ivoire,26172000,Africa,2.0,Sub-Saharan Africa,202.0
46,PRK,Democratic People's Republic of Korea,PRK,PRK,KP,KRE,Republica Popular Democratica de Corea,République populaire démocratique de Corée,KRD,M,South-East Asia,SEAR,KR,Low income,WB_LI,2017.0,2018.0,KP,PRK,North Korea,,,ISO 3166-2:KP,Dem. People's Republic of Korea,Korea (Democratic People's Republic of),25841000,Asia,142.0,Eastern Asia,30.0
47,COD,Democratic Republic of the Congo,COD,COD,CD,COD,Republica Democratica del Congo,République démocratique du Congo,COD,M,Africa,AFR,ZR,Low income,WB_LI,2017.0,2018.0,CD,COD,DRC,Middle Africa,17.0,ISO 3166-2:CD,Democratic Republic of the Congo,"Congo, Democratic Republic of the",89505000,Africa,2.0,Sub-Saharan Africa,202.0
48,DNK,Denmark,DEN,DNK,DK,DNK,Dinamarca,Danemark,DEN,M,Europe,EUR,DN,High income,WB_HI,2017.0,2018.0,DK,DNK,Denmark,,,ISO 3166-2:DK,Denmark,Denmark,5797000,Europe,150.0,Northern Europe,154.0
49,DJI,Djibouti,DJI,DJI,DJ,DJI,Djibouti,Djibouti,DJI,M,Eastern Mediterranean,EMR,DJ,Lower middle income,WB_LMI,2017.0,2018.0,DJ,DJI,Djibouti,Eastern Africa,14.0,ISO 3166-2:DJ,Djibouti,Djibouti,1000000,Africa,2.0,Sub-Saharan Africa,202.0
50,DMA,Dominica,DMA,DMA,DM,DMA,Dominica,Dominique,DOM,M,Americas,AMR,DO,Upper middle income,WB_UMI,2017.0,2018.0,DM,DMA,Dominica,Caribbean,29.0,ISO 3166-2:DM,Dominica,Dominica,75000,Americas,19.0,Latin America and the Caribbean,419.0
51,DOM,Dominican Republic,DOM,DOM,DO,DOM,Republica Dominicana,République dominicaine,DOR,M,Americas,AMR,DR,Upper middle income,WB_UMI,2017.0,2018.0,DO,DOM,Dominican Republic,Caribbean,29.0,ISO 3166-2:DO,Dominican Republic,Dominican Republic,11108000,Americas,19.0,Latin America and the Caribbean,419.0
52,ECU,Ecuador,ECU,ECU,EC,EQA,Ecuador,Équateur,ECU,M,Americas,AMR,EQ,Upper middle income,WB_UMI,2017.0,2018.0,EC,ECU,Ecuador,South America,5.0,ISO 3166-2:EC,Ecuador,Ecuador,17336000,Americas,19.0,Latin America and the Caribbean,419.0
53,EGY,Egypt,EGY,EGY,EG,EGY,Egipto,Égypte,EGY,M,Eastern Mediterranean,EMR,EG,Lower middle income,WB_LMI,2017.0,2018.0,EG,EGY,Egypt,,,ISO 3166-2:EG,Egypt,Egypt,102941000,Africa,2.0,Northern Africa,15.0
54,SLV,El Salvador,ESA,SLV,SV,SLV,El Salvador,El Salvador,ELS,M,Americas,AMR,ES,Lower middle income,WB_LMI,2017.0,2018.0,SV,SLV,El Salvador,Central America,13.0,ISO 3166-2:SV,El Salvador,El Salvador,6479000,Americas,19.0,Latin America and the Caribbean,419.0
55,GNQ,Equatorial Guinea,GEQ,GNQ,GQ,GNE,Guinea Ecuatorial,Guinée équatoriale,EQG,M,Africa,AFR,GQ,Upper middle income,WB_UMI,2017.0,2018.0,GQ,GNQ,Equatorial Guinea,Middle Africa,17.0,ISO 3166-2:GQ,Equatorial Guinea,Equatorial Guinea,1406000,Africa,2.0,Sub-Saharan Africa,202.0
56,ERI,Eritrea,ERI,ERI,ER,ERI,Eritrea,Érythrée,ERI,M,Africa,AFR,,Low income,WB_LI,2017.0,2018.0,ER,ERI,Eritrea,Eastern Africa,14.0,ISO 3166-2:ER,Eritrea,Eritrea,5432000,Africa,2.0,Sub-Saharan Africa,202.0
57,EST,Estonia,EST,EST,EE,EST,Estonia,Estonie,EST,M,Europe,EUR,EO,High income,WB_HI,2017.0,2018.0,EE,EST,Estonia,,,ISO 3166-2:EE,Estonia,Estonia,1301000,Europe,150.0,Northern Europe,154.0
58,ETH,Ethiopia,ETH,ETH,ET,ETH,Etiopia,Éthiopie,ETH,M,Africa,AFR,ET,Low income,WB_LI,2017.0,2018.0,ET,ETH,Ethiopia,Eastern Africa,14.0,ISO 3166-2:ET,Ethiopia,Ethiopia,112759000,Africa,2.0,Sub-Saharan Africa,202.0
59,FJI,Fiji,FIJ,FJI,FJ,FJI,Fiji,Fidji,FIJ,M,Western Pacific,WPR,FJ,Upper middle income,WB_UMI,2017.0,2018.0,FJ,FJI,Fiji,,,ISO 3166-2:FJ,Fiji,Fiji,925000,Oceania,9.0,Melanesia,54.0
60,FIN,Finland,FIN,FIN,FI,FIN,Finlandia,Finlande,FIN,M,Europe,EUR,FI,High income,WB_HI,2017.0,2018.0,FI,FIN,Finland,,,ISO 3166-2:FI,Finland,Finland,5580000,Europe,150.0,Northern Europe,154.0
61,FRA,France,FRA,FRA,FR,F,Francia,France,FRA,M,Europe,EUR,FR,High income,WB_HI,2017.0,2018.0,FR,FRA,France,,,ISO 3166-2:FR,France,France,65721000,Europe,150.0,Western Europe,155.0
62,GAB,Gabon,GAB,GAB,GA,GAB,Gabon,Gabon,GAB,M,Africa,AFR,GO,Upper middle income,WB_UMI,2017.0,2018.0,GA,GAB,Gabon,Middle Africa,17.0,ISO 3166-2:GA,Gabon,Gabon,2151000,Africa,2.0,Sub-Saharan Africa,202.0
63,GMB,Gambia,GAM,GMB,GM,GMB,Gambia,Gambie,GAM,M,Africa,AFR,GB,Low income,WB_LI,2017.0,2018.0,GM,GMB,Gambia,Western Africa,11.0,ISO 3166-2:GM,Gambia,Gambia,2293000,Africa,2.0,Sub-Saharan Africa,202.0
64,GEO,Georgia,GEO,GEO,GE,GEO,Georgia,Géorgie,GEO,M,Europe,EUR,GG,Lower middle income,WB_LMI,2017.0,2018.0,GE,GEO,Georgia,,,ISO 3166-2:GE,Georgia,Georgia,3899000,Asia,142.0,Western Asia,145.0
65,DEU,Germany,GER,DEU,DE,D,Alemania,Allemagne,DEU,M,Europe,EUR,DL,High income,WB_HI,2017.0,2018.0,DE,DEU,Germany,,,ISO 3166-2:DE,Germany,Germany,82540000,Europe,150.0,Western Europe,155.0
66,GHA,Ghana,GHA,GHA,GH,GHA,Ghana,Ghana,GHA,M,Africa,AFR,GH,Lower middle income,WB_LMI,2017.0,2018.0,GH,GHA,Ghana,Western Africa,11.0,ISO 3166-2:GH,Ghana,Ghana,30734000,Africa,2.0,Sub-Saharan Africa,202.0
67,GRC,Greece,GRE,GRC,GR,GRC,Grecia,Grèce,GRE,M,Europe,EUR,GR,High income,WB_HI,2017.0,2018.0,GR,GRC,Greece,,,ISO 3166-2:GR,Greece,Greece,11103000,Europe,150.0,Southern Europe,39.0
68,GRD,Grenada,GRN,GRD,GD,GRD,Granada,Grenade,GRA,M,Americas,AMR,GD,Upper middle income,WB_UMI,2017.0,2018.0,GD,GRD,Grenada,Caribbean,29.0,ISO 3166-2:GD,Grenada,Grenada,109000,Americas,19.0,Latin America and the Caribbean,419.0
69,GTM,Guatemala,GUA,GTM,GT,GTM,Guatemala,Guatemala,GUT,M,Americas,AMR,GU,Upper middle income,WB_UMI,2017.0,2018.0,GT,GTM,Guatemala,Central America,13.0,ISO 3166-2:GT,Guatemala,Guatemala,17911000,Americas,19.0,Latin America and the Caribbean,419.0
70,GIN,Guinea,GUI,GIN,GN,GUI,Guinea,Guinée,GUI,M,Africa,AFR,GN,Low income,WB_LI,2017.0,2018.0,GN,GIN,Guinea,Western Africa,11.0,ISO 3166-2:GN,Guinea,Guinea,13751000,Africa,2.0,Sub-Saharan Africa,202.0
71,GNB,Guinea-Bissau,GBS,GNB,GW,GNB,Guinea-Bissau,Guinée-Bissau,GUB,M,Africa,AFR,GW,Low income,WB_LI,2017.0,2018.0,GW,GNB,Guinea-Bissau,Western Africa,11.0,ISO 3166-2:GW,Guinea-Bissau,Guinea-Bissau,2001000,Africa,2.0,Sub-Saharan Africa,202.0
72,GUY,Guyana,GUY,GUY,GY,GUY,Guyana,Guyana,GUY,M,Americas,AMR,GY,Upper middle income,WB_UMI,2017.0,2018.0,GY,GUY,Guyana,South America,5.0,ISO 3166-2:GY,Guyana,Guyana,791000,Americas,19.0,Latin America and the Caribbean,419.0
73,HTI,Haiti,HAI,HTI,HT,HTI,Haiti,Haïti,HAI,M,Americas,AMR,HA,Low income,WB_LI,2017.0,2018.0,HT,HTI,Haiti,Caribbean,29.0,ISO 3166-2:HT,Haiti,Haiti,11371000,Americas,19.0,Latin America and the Caribbean,419.0
74,HND,Honduras,HON,HND,HN,HND,Honduras,Honduras,HON,M,Americas,AMR,HO,Lower middle income,WB_LMI,2017.0,2018.0,HN,HND,Honduras,Central America,13.0,ISO 3166-2:HN,Honduras,Honduras,9719000,Americas,19.0,Latin America and the Caribbean,419.0
75,HUN,Hungary,HUN,HUN,HU,HNG,Hungria,Hongrie,HUN,M,Europe,EUR,HU,High income,WB_HI,2017.0,2018.0,HU,HUN,Hungary,,,ISO 3166-2:HU,Hungary,Hungary,9621000,Europe,150.0,Eastern Europe,151.0
76,ISL,Iceland,ISL,ISL,IS,ISL,Islandia,Islande,ICE,M,Europe,EUR,IL,High income,WB_HI,2017.0,2018.0,IS,ISL,Iceland,,,ISO 3166-2:IS,Iceland,Iceland,343000,Europe,150.0,Northern Europe,154.0
77,IND,India,IND,IND,IN,IND,India,Inde,IND,M,South-East Asia,SEAR,IN,Lower middle income,WB_LMI,2017.0,2018.0,IN,IND,India,,,ISO 3166-2:IN,India,India,1383198000,Asia,142.0,Southern Asia,34.0
78,IDN,Indonesia,INA,IDN,ID,INS,Indonesia,Indonésie,INO,M,South-East Asia,SEAR,ID,Lower middle income,WB_LMI,2017.0,2018.0,ID,IDN,Indonesia,,,ISO 3166-2:ID,Indonesia,Indonesia,272223000,Asia,142.0,South-eastern Asia,35.0
79,IRN,Iran (Islamic Republic of),IRI,IRN,IR,IRN,Iran (Republica Islamica del),Iran (République islamique d'),IRA,M,Eastern Mediterranean,EMR,IR,Upper middle income,WB_UMI,2017.0,2018.0,IR,IRN,Iran,,,ISO 3166-2:IR,Iran (Islamic Republic of),Iran (Islamic Republic of),83587000,Asia,142.0,Southern Asia,34.0
80,IRQ,Iraq,IRQ,IRQ,IQ,IRQ,Iraq,Iraq,IRQ,M,Eastern Mediterranean,EMR,IQ,Upper middle income,WB_UMI,2017.0,2018.0,IQ,IRQ,Iraq,,,ISO 3166-2:IQ,Iraq,Iraq,41503000,Asia,142.0,Western Asia,145.0
81,IRL,Ireland,IRL,IRL,IE,IRL,Irlanda,Irlande,IRE,M,Europe,EUR,IE,High income,WB_HI,2017.0,2018.0,IE,IRL,Ireland,,,ISO 3166-2:IE,Ireland,Ireland,4888000,Europe,150.0,Northern Europe,154.0
82,ISR,Israel,ISR,ISR,IL,ISR,Israel,Israël,ISR,M,Europe,EUR,IS,High income,WB_HI,2017.0,2018.0,IL,ISR,Israel,,,ISO 3166-2:IL,Israel,Israel,8714000,Asia,142.0,Western Asia,145.0
83,ITA,Italy,ITA,ITA,IT,I,Italia,Italie,ITA,M,Europe,EUR,IY,High income,WB_HI,2017.0,2018.0,IT,ITA,Italy,,,ISO 3166-2:IT,Italy,Italy,59132000,Europe,150.0,Southern Europe,39.0
84,JAM,Jamaica,JAM,JAM,JM,JMC,Jamaica,Jamaïque,JAM,M,Americas,AMR,JM,Upper middle income,WB_UMI,2017.0,2018.0,JM,JAM,Jamaica,Caribbean,29.0,ISO 3166-2:JM,Jamaica,Jamaica,2913000,Americas,19.0,Latin America and the Caribbean,419.0
85,JPN,Japan,JPN,JPN,JP,J,Japan,Japon,JPN,M,Western Pacific,WPR,JP,High income,WB_HI,2017.0,2018.0,JP,JPN,Japan,,,ISO 3166-2:JP,Japan,Japan,126496000,Asia,142.0,Eastern Asia,30.0
86,JOR,Jordan,JOR,JOR,JO,JOR,Jordania,Jordanie,JOR,M,Eastern Mediterranean,EMR,JD,Upper middle income,WB_UMI,2017.0,2018.0,JO,JOR,Jordan,,,ISO 3166-2:JO,Jordan,Jordan,10209000,Asia,142.0,Western Asia,145.0
87,KAZ,Kazakhstan,KAZ,KAZ,KZ,KAZ,Kazajstan,Kazakhstan,KAZ,M,Europe,EUR,KZ,Upper middle income,WB_UMI,2017.0,2018.0,KZ,KAZ,Kazakhstan,,,ISO 3166-2:KZ,Kazakhstan,Kazakhstan,18777000,Asia,142.0,Central Asia,143.0
88,KEN,Kenya,KEN,KEN,KE,KEN,Kenya,Kenya,KEN,M,Africa,AFR,KN,Lower middle income,WB_LMI,2017.0,2018.0,KE,KEN,Kenya,Eastern Africa,14.0,ISO 3166-2:KE,Kenya,Kenya,53492000,Africa,2.0,Sub-Saharan Africa,202.0
89,KIR,Kiribati,KIR,KIR,KI,KIR,Kiribati,Kiribati,KIR,M,Western Pacific,WPR,KB,Lower middle income,WB_LMI,2017.0,2018.0,KI,KIR,Kiribati,,,ISO 3166-2:KI,Kiribati,Kiribati,122000,Oceania,9.0,Micronesia,57.0
90,KWT,Kuwait,KUW,KWT,KW,KWT,Kuwait,Koweït,KUW,M,Eastern Mediterranean,EMR,KW,High income,WB_HI,2017.0,2018.0,KW,KWT,Kuwait,,,ISO 3166-2:KW,Kuwait,Kuwait,4303000,Asia,142.0,Western Asia,145.0
91,KGZ,Kyrgyzstan,KGZ,KGZ,KG,KGZ,Kirguistan,Kirghizistan,KGZ,M,Europe,EUR,KG,Lower middle income,WB_LMI,2017.0,2018.0,KG,KGZ,Kyrgyzstan,,,ISO 3166-2:KG,Kyrgyzstan,Kyrgyzstan,6302000,Asia,142.0,Central Asia,143.0
92,LAO,Lao People's Democratic Republic,LAO,LAO,LA,LAO,Republica Democratica Popular Lao,République démocratique populaire lao,LAO,M,Western Pacific,WPR,LA,Lower middle income,WB_LMI,2017.0,2018.0,LA,LAO,Laos,,,ISO 3166-2:LA,Lao People's Democratic Republic,Lao People's Democratic Republic,7165000,Asia,142.0,South-eastern Asia,35.0
93,LVA,Latvia,LAT,LVA,LV,LVA,Letonia,Lettonie,LVA,M,Europe,EUR,LV,High income,WB_HI,2017.0,2018.0,LV,LVA,Latvia,,,ISO 3166-2:LV,Latvia,Latvia,1893000,Europe,150.0,Northern Europe,154.0
94,LBN,Lebanon,LIB,LBN,LB,LBN,Libano,Liban,LEB,M,Eastern Mediterranean,EMR,LB,Upper middle income,WB_UMI,2017.0,2018.0,LB,LBN,Lebanon,,,ISO 3166-2:LB,Lebanon,Lebanon,6020000,Asia,142.0,Western Asia,145.0
95,LSO,Lesotho,LES,LSO,LS,LSO,Lesotho,Lesotho,LES,M,Africa,AFR,LS,Lower middle income,WB_LMI,2017.0,2018.0,LS,LSO,Lesotho,Southern Africa,18.0,ISO 3166-2:LS,Lesotho,Lesotho,2322000,Africa,2.0,Sub-Saharan Africa,202.0
96,LBR,Liberia,LBR,LBR,LR,LBR,Liberia,Libéria,LIB,M,Africa,AFR,LI,Low income,WB_LI,2017.0,2018.0,LR,LBR,Liberia,Western Africa,11.0,ISO 3166-2:LR,Liberia,Liberia,5104000,Africa,2.0,Sub-Saharan Africa,202.0
97,LBY,Libya,LBA,LBY,LY,LBY,Libia,Libye,LIY,M,Eastern Mediterranean,EMR,LY,Upper middle income,WB_UMI,2017.0,2018.0,LY,LBY,Libya,,,ISO 3166-2:LY,Libya,Libya,6662000,Africa,2.0,Northern Africa,15.0
98,LTU,Lithuania,LTU,LTU,LT,LTU,Lituania,Lituanie,LTU,M,Europe,EUR,LT,High income,WB_HI,2017.0,2018.0,LT,LTU,Lithuania,,,ISO 3166-2:LT,Lithuania,Lithuania,2852000,Europe,150.0,Northern Europe,154.0
99,LUX,Luxembourg,LUX,LUX,LU,LUX,Luxemburgo,Luxembourg,LUX,M,Europe,EUR,BX,High income,WB_HI,2017.0,2018.0,LU,LUX,Luxembourg,,,ISO 3166-2:LU,Luxembourg,Luxembourg,604000,Europe,150.0,Western Europe,155.0
100,MDG,Madagascar,MAD,MDG,MG,MDG,Madagascar,Madagascar,MAD,M,Africa,AFR,MG,Low income,WB_LI,2017.0,2018.0,MG,MDG,Madagascar,Eastern Africa,14.0,ISO 3166-2:MG,Madagascar,Madagascar,27691000,Africa,2.0,Sub-Saharan Africa,202.0
101,MWI,Malawi,MAW,MWI,MW,MWI,Malawi,Malawi,MAL,M,Africa,AFR,MW,Low income,WB_LI,2017.0,2018.0,MW,MWI,Malawi,Eastern Africa,14.0,ISO 3166-2:MW,Malawi,Malawi,20284000,Africa,2.0,Sub-Saharan Africa,202.0
102,MYS,Malaysia,MAS,MYS,MY,MLA,Malasia,Malaisie,MAA,M,Western Pacific,WPR,MS,Upper middle income,WB_UMI,2017.0,2018.0,MY,MYS,Malaysia,,,ISO 3166-2:MY,Malaysia,Malaysia,32869000,Asia,142.0,South-eastern Asia,35.0
103,MDV,Maldives,MDV,MDV,MV,MLD,Maldivas,Maldives,MAV,M,South-East Asia,SEAR,MV,Upper middle income,WB_UMI,2017.0,2018.0,MV,MDV,Maldives,,,ISO 3166-2:MV,Maldives,Maldives,459000,Asia,142.0,Southern Asia,34.0
104,MLI,Mali,MLI,MLI,ML,MLI,Mali,Mali,MAI,M,Africa,AFR,MI,Low income,WB_LI,2017.0,2018.0,ML,MLI,Mali,Western Africa,11.0,ISO 3166-2:ML,Mali,Mali,20284000,Africa,2.0,Sub-Saharan Africa,202.0
105,MLT,Malta,MLT,MLT,MT,MLT,Malta,Malte,MAT,M,Europe,EUR,ML,High income,WB_HI,2017.0,2018.0,MT,MLT,Malta,,,ISO 3166-2:MT,Malta,Malta,434000,Europe,150.0,Southern Europe,39.0
106,MHL,Marshall Islands,MSH,MHL,MH,MHL,Islas Marshall,Îles Marshall,MSI,M,Western Pacific,WPR,MH,Upper middle income,WB_UMI,2017.0,2018.0,MH,MHL,Marshall Islands,,,ISO 3166-2:MH,Marshall Islands,Marshall Islands,53000,Oceania,9.0,Micronesia,57.0
107,MRT,Mauritania,MTN,MRT,MR,MTN,Mauritania,Mauritanie,MAU,M,Africa,AFR,MT,Lower middle income,WB_LMI,2017.0,2018.0,MR,MRT,Mauritania,Western Africa,11.0,ISO 3166-2:MR,Mauritania,Mauritania,4784000,Africa,2.0,Sub-Saharan Africa,202.0
108,MUS,Mauritius,MRI,MUS,MU,MAU,Mauricio,Maurice,MAS,M,Africa,AFR,MA,Upper middle income,WB_UMI,2017.0,2018.0,MU,MUS,Mauritius,Eastern Africa,14.0,ISO 3166-2:MU,Mauritius,Mauritius,1274000,Africa,2.0,Sub-Saharan Africa,202.0
109,MEX,Mexico,MEX,MEX,MX,MEX,Mexico,Mexique,MEX,M,Americas,AMR,MX,Upper middle income,WB_UMI,2017.0,2018.0,MX,MEX,Mexico,Central America,13.0,ISO 3166-2:MX,Mexico,Mexico,133870000,Americas,19.0,Latin America and the Caribbean,419.0
110,FSM,Micronesia (Federated States of),FSM,FSM,FM,FSM,Micronesia (Estados Federados de),Micronésie (États fédérés de),MIC,M,Western Pacific,WPR,,Lower middle income,WB_LMI,2017.0,2018.0,FM,FSM,Micronesia,,,ISO 3166-2:FM,Micronesia (Fed. States of),Micronesia (Federated States of),108000,Oceania,9.0,Micronesia,57.0
111,MCO,Monaco,MON,MCO,MC,MCO,Monaco,Monaco,MON,M,Europe,EUR,,High income,WB_HI,2017.0,2018.0,MC,MCO,Monaco,,,ISO 3166-2:MC,Monaco,Monaco,39000,Europe,150.0,Western Europe,155.0
112,MNG,Mongolia,MGL,MNG,MN,MNG,Mongolia,Mongolie,MOG,M,Western Pacific,WPR,MO,Lower middle income,WB_LMI,2017.0,2018.0,MN,MNG,Mongolia,,,ISO 3166-2:MN,Mongolia,Mongolia,3209000,Asia,142.0,Eastern Asia,30.0
113,MAR,Morocco,MAR,MAR,MA,MRC,Marruecos,Maroc,MOR,M,Eastern Mediterranean,EMR,MC,Lower middle income,WB_LMI,2017.0,2018.0,MA,MAR,Morocco,,,ISO 3166-2:MA,Morocco,Morocco,37071000,Africa,2.0,Northern Africa,15.0
114,MOZ,Mozambique,MOZ,MOZ,MZ,MOZ,Mozambique,Mozambique,MOZ,M,Africa,AFR,MZ,Low income,WB_LI,2017.0,2018.0,MZ,MOZ,Mozambique,Eastern Africa,14.0,ISO 3166-2:MZ,Mozambique,Mozambique,32309000,Africa,2.0,Sub-Saharan Africa,202.0
115,MMR,Myanmar,MYA,MMR,MM,BRM,Myanmar,Myanmar,MMR,M,South-East Asia,SEAR,BM,Lower middle income,WB_LMI,2017.0,2018.0,MM,MMR,Myanmar,,,ISO 3166-2:MM,Myanmar,Myanmar,54808000,Asia,142.0,South-eastern Asia,35.0
116,NAM,Namibia,NAM,NAM,,NMB,Namibia,Namibie,NAM,M,Africa,AFR,NM,Upper middle income,WB_UMI,2017.0,2018.0,,NAM,Namibia,Southern Africa,18.0,ISO 3166-2:NA,Namibia,Namibia,2697000,Africa,2.0,Sub-Saharan Africa,202.0
117,NRU,Nauru,NRU,NRU,NR,NRU,Nauru,Nauru,NRU,M,Western Pacific,WPR,NW,Upper middle income,WB_UMI,2017.0,2018.0,NR,NRU,Nauru,,,ISO 3166-2:NR,Nauru,Nauru,11000,Oceania,9.0,Micronesia,57.0
118,NPL,Nepal,NEP,NPL,NP,NPL,Nepal,Népal,NEP,M,South-East Asia,SEAR,NP,Low income,WB_LI,2017.0,2018.0,NP,NPL,Nepal,,,ISO 3166-2:NP,Nepal,Nepal,30260000,Asia,142.0,Southern Asia,34.0
119,NLD,Netherlands,NED,NLD,NL,HOL,Paises Bajos,Pays-Bas,NET,M,Europe,EUR,NL,High income,WB_HI,2017.0,2018.0,NL,NLD,Netherlands,,,ISO 3166-2:NL,Netherlands,Netherlands,17181000,Europe,150.0,Western Europe,155.0
120,NZL,New Zealand,NZL,NZL,NZ,NZL,Nueva Zelandia,Nouvelle-Zélande,NEZ,M,Western Pacific,WPR,NZ,High income,WB_HI,2017.0,2018.0,NZ,NZL,New Zealand,,,ISO 3166-2:NZ,New Zealand,New Zealand,4834000,Oceania,9.0,Australia and New Zealand,53.0
121,NIC,Nicaragua,NCA,NIC,NI,NCG,Nicaragua,Nicaragua,NIC,M,Americas,AMR,NK,Lower middle income,WB_LMI,2017.0,2018.0,NI,NIC,Nicaragua,Central America,13.0,ISO 3166-2:NI,Nicaragua,Nicaragua,6417000,Americas,19.0,Latin America and the Caribbean,419.0
122,NER,Niger,NIG,NER,NE,NGR,Niger,Niger,NIG,M,Africa,AFR,NR,Low income,WB_LI,2017.0,2018.0,NE,NER,Niger,Western Africa,11.0,ISO 3166-2:NE,Niger,Niger,24075000,Africa,2.0,Sub-Saharan Africa,202.0
123,NGA,Nigeria,NGR,NGA,NG,NIG,Nigeria,Nigéria,NIE,M,Africa,AFR,NI,Lower middle income,WB_LMI,2017.0,2018.0,NG,NGA,Nigeria,Western Africa,11.0,ISO 3166-2:NG,Nigeria,Nigeria,206153000,Africa,2.0,Sub-Saharan Africa,202.0
124,NIU,Niue,NIU,NIU,NU,NIU,Niue,Nioué,NIU,M,Western Pacific,WPR,,Low-income,WB_LI,2017.0,2018.0,NU,NIU,Niue,,,ISO 3166-2:NU,Niue,Niue,2000,Oceania,9.0,Polynesia,61.0
125,NOR,Norway,NOR,NOR,NO,NOR,Noruega,Norvège,NOR,M,Europe,EUR,NO,High income,WB_HI,2017.0,2018.0,NO,NOR,Norway,,,ISO 3166-2:NO,Norway,Norway,5450000,Europe,150.0,Northern Europe,154.0
126,OMN,Oman,OMA,OMN,OM,OMA,Oman,Oman,OMA,M,Eastern Mediterranean,EMR,OM,High income,WB_HI,2017.0,2018.0,OM,OMN,Oman,,,ISO 3166-2:OM,Oman,Oman,5150000,Asia,142.0,Western Asia,145.0
127,PAK,Pakistan,PAK,PAK,PK,PAK,Pakistan,Pakistan,PAK,M,Eastern Mediterranean,EMR,PK,Lower middle income,WB_LMI,2017.0,2018.0,PK,PAK,Pakistan,,,ISO 3166-2:PK,Pakistan,Pakistan,208362000,Asia,142.0,Southern Asia,34.0
128,PLW,Palau,PLW,PLW,PW,PLW,Palau,Palaos,BLA,M,Western Pacific,WPR,,High income,WB_HI,2017.0,2018.0,PW,PLW,Palau,,,ISO 3166-2:PW,Palau,Palau,22000,Oceania,9.0,Micronesia,57.0
129,PAN,Panama,PAN,PAN,PA,PNR,Panama,Panama,PAN,M,Americas,AMR,PM,High income,WB_HI,2017.0,2018.0,PA,PAN,Panama,Central America,13.0,ISO 3166-2:PA,Panama,Panama,4289000,Americas,19.0,Latin America and the Caribbean,419.0
130,PNG,Papua New Guinea,PNG,PNG,PG,PNG,Papua Nueva Guinea,Papouasie-Nouvelle-Guinée,PNG,M,Western Pacific,WPR,NG,Lower middle income,WB_LMI,2017.0,2018.0,PG,PNG,Papua New Guinea,,,ISO 3166-2:PG,Papua New Guinea,Papua New Guinea,8756000,Oceania,9.0,Melanesia,54.0
131,PRY,Paraguay,PAR,PRY,PY,PRG,Paraguay,Paraguay,PAR,M,Americas,AMR,PY,Upper middle income,WB_UMI,2017.0,2018.0,PY,PRY,Paraguay,South America,5.0,ISO 3166-2:PY,Paraguay,Paraguay,7066000,Americas,19.0,Latin America and the Caribbean,419.0
132,PER,Peru,PER,PER,PE,PRU,Peru,Pérou,PER,M,Americas,AMR,PR,Upper middle income,WB_UMI,2017.0,2018.0,PE,PER,Peru,South America,5.0,ISO 3166-2:PE,Peru,Peru,33312000,Americas,19.0,Latin America and the Caribbean,419.0
133,PHL,Philippines,PHI,PHL,PH,PHL,Filipinas,Philippines,PHL,M,Western Pacific,WPR,PH,Lower middle income,WB_LMI,2017.0,2018.0,PH,PHL,Philippines,,,ISO 3166-2:PH,Philippines,Philippines,109703000,Asia,142.0,South-eastern Asia,35.0
134,POL,Poland,POL,POL,PL,POL,Polonia,Pologne,POL,M,Europe,EUR,PL,High income,WB_HI,2017.0,2018.0,PL,POL,Poland,,,ISO 3166-2:PL,Poland,Poland,37942000,Europe,150.0,Eastern Europe,151.0
135,PRT,Portugal,POR,PRT,PT,POR,Portugal,Portugal,POR,M,Europe,EUR,PO,High income,WB_HI,2017.0,2018.0,PT,PRT,Portugal,,,ISO 3166-2:PT,Portugal,Portugal,10218000,Europe,150.0,Southern Europe,39.0
136,QAT,Qatar,QAT,QAT,QA,QAT,Qatar,Qatar,QAT,M,Eastern Mediterranean,EMR,QT,High income,WB_HI,2017.0,2018.0,QA,QAT,Qatar,,,ISO 3166-2:QA,Qatar,Qatar,2792000,Asia,142.0,Western Asia,145.0
137,KOR,Republic of Korea,KOR,KOR,KR,KOR,Republica de Corea,République de Corée,KOR,M,Western Pacific,WPR,KO,High income,WB_HI,2017.0,2018.0,KR,KOR,South Korea,,,ISO 3166-2:KR,Republic of Korea,"Korea, Republic of",51507000,Asia,142.0,Eastern Asia,30.0
138,MDA,Republic of Moldova,MDA,MDA,MD,MDA,la Republica de Moldova,République de Moldova,MDA,M,Europe,EUR,RM,Lower middle income,WB_LMI,2017.0,2018.0,MD,MDA,Moldova,,,ISO 3166-2:MD,Republic of Moldova,"Moldova, Republic of",4018000,Europe,150.0,Eastern Europe,151.0
139,ROU,Romania,ROM,ROU,RO,ROU,Rumania,Roumanie,ROM,M,Europe,EUR,RO,Upper middle income,WB_UMI,2017.0,2018.0,RO,ROU,Romania,,,ISO 3166-2:RO,Romania,Romania,19388000,Europe,150.0,Eastern Europe,151.0
140,RUS,Russian Federation,RUS,RUS,RU,RUS,Federacion de Rusia,Fédération de Russie,RUS,M,Europe,EUR,RS,Upper middle income,WB_UMI,2017.0,2018.0,RU,RUS,Russia,,,ISO 3166-2:RU,Russian Federation,Russian Federation,143787000,Europe,150.0,Eastern Europe,151.0
141,RWA,Rwanda,RWA,RWA,RW,RRW,Rwanda,Rwanda,RWA,M,Africa,AFR,RW,Low income,WB_LI,2017.0,2018.0,RW,RWA,Rwanda,Eastern Africa,14.0,ISO 3166-2:RW,Rwanda,Rwanda,13087000,Africa,2.0,Sub-Saharan Africa,202.0
142,KNA,Saint Kitts and Nevis,SKN,KNA,KN,SCN,Saint Kitts y Nevis,Saint-Kitts-et-Nevis,SCN,M,Americas,AMR,AT,High income,WB_HI,2017.0,2018.0,KN,KNA,Saint Kitts and Nevis,Caribbean,29.0,ISO 3166-2:KN,Saint Kitts and Nevis,Saint Kitts and Nevis,57000,Americas,19.0,Latin America and the Caribbean,419.0
143,LCA,Saint Lucia,LCA,LCA,LC,LCA,Santa Lucia,Sainte-Lucie,SAL,M,Americas,AMR,LC,Upper middle income,WB_UMI,2017.0,2018.0,LC,LCA,Saint Lucia,Caribbean,29.0,ISO 3166-2:LC,Saint Lucia,Saint Lucia,181000,Americas,19.0,Latin America and the Caribbean,419.0
144,VCT,Saint Vincent and the Grenadines,VIN,VCT,VC,VCT,San Vicente y las Granadinas,Saint-Vincent-et-les Grenadines,SAV,M,Americas,AMR,VG,Upper middle income,WB_UMI,2017.0,2018.0,VC,VCT,Saint Vincent and the Grenadines,Caribbean,29.0,ISO 3166-2:VC,Saint Vincent and the Grenadines,Saint Vincent and the Grenadines,111000,Americas,19.0,Latin America and the Caribbean,419.0
145,WSM,Samoa,SAM,WSM,WS,SMO,Samoa,Samoa,SMA,M,Western Pacific,WPR,ZM,Upper middle income,WB_UMI,2017.0,2018.0,WS,WSM,Samoa,,,ISO 3166-2:WS,Samoa,Samoa,200000,Oceania,9.0,Polynesia,61.0
146,SMR,San Marino,SMR,SMR,SM,SMR,San Marino,Saint-Marin,SMR,M,Europe,EUR,,High income,WB_HI,2017.0,2018.0,SM,SMR,San Marino,,,ISO 3166-2:SM,San Marino,San Marino,34000,Europe,150.0,Southern Europe,39.0
147,STP,Sao Tome and Principe,STP,STP,ST,STP,Santo Tome y Principe,Sao Tomé-et-Principe,STP,M,Africa,AFR,TP,Lower middle income,WB_LMI,2017.0,2018.0,ST,STP,Sao Tome and Principe,Middle Africa,17.0,ISO 3166-2:ST,Sao Tome and Principe,Sao Tome and Principe,218000,Africa,2.0,Sub-Saharan Africa,202.0
148,SAU,Saudi Arabia,KSA,SAU,SA,ARS,Arabia Saudita,Arabie saoudite,SAA,M,Eastern Mediterranean,EMR,SD,High income,WB_HI,2017.0,2018.0,SA,SAU,Saudi Arabia,,,ISO 3166-2:SA,Saudi Arabia,Saudi Arabia,34710000,Asia,142.0,Western Asia,145.0
149,SEN,Senegal,SEN,SEN,SN,SEN,Senegal,Sénégal,SEN,M,Africa,AFR,SG,Low income,WB_LI,2017.0,2018.0,SN,SEN,Senegal,Western Africa,11.0,ISO 3166-2:SN,Senegal,Senegal,17200000,Africa,2.0,Sub-Saharan Africa,202.0
150,SRB,Serbia,SER,SRB,RS,SRB,Serbia,Serbie,SRB,M,Europe,EUR,YG,Upper middle income,WB_UMI,2017.0,2018.0,RS,SRB,Serbia,,,ISO 3166-2:RS,Serbia,Serbia,8704000,Europe,150.0,Southern Europe,39.0
151,SYC,Seychelles,SEY,SYC,SC,SEY,Seychelles,Seychelles,SEY,M,Africa,AFR,SC,High income,WB_HI,2017.0,2018.0,SC,SYC,Seychelles,Eastern Africa,14.0,ISO 3166-2:SC,Seychelles,Seychelles,96000,Africa,2.0,Sub-Saharan Africa,202.0
152,SLE,Sierra Leone,SLE,SLE,SL,SRL,Sierra Leona,Sierra Leone,SIL,M,Africa,AFR,SL,Low income,WB_LI,2017.0,2018.0,SL,SLE,Sierra Leone,Western Africa,11.0,ISO 3166-2:SL,Sierra Leone,Sierra Leone,8047000,Africa,2.0,Sub-Saharan Africa,202.0
153,SGP,Singapore,SIN,SGP,SG,SNG,Singapur,Singapour,SIN,M,Western Pacific,WPR,SR,High income,WB_HI,2017.0,2018.0,SG,SGP,Singapore,,,ISO 3166-2:SG,Singapore,Singapore,5935000,Asia,142.0,South-eastern Asia,35.0
154,SVK,Slovakia,SVK,SVK,SK,SVK,Eslovaquia,Slovaquie,SVK,M,Europe,EUR,SQ,High income,WB_HI,2017.0,2018.0,SK,SVK,Slovakia,,,ISO 3166-2:SK,Slovakia,Slovakia,5451000,Europe,150.0,Eastern Europe,151.0
155,SVN,Slovenia,SLO,SVN,SI,SVN,Eslovenia,Slovénie,SVN,M,Europe,EUR,LJ,High income,WB_HI,2017.0,2018.0,SI,SVN,Slovenia,,,ISO 3166-2:SI,Slovenia,Slovenia,2082000,Europe,150.0,Southern Europe,39.0
156,SLB,Solomon Islands,SOL,SLB,SB,SLM,Islas Salomon,Îles Salomon,SOL,M,Western Pacific,WPR,SO,Lower middle income,WB_LMI,2017.0,2018.0,SB,SLB,Solomon Islands,,,ISO 3166-2:SB,Solomon Islands,Solomon Islands,647000,Oceania,9.0,Melanesia,54.0
157,SOM,Somalia,SOM,SOM,SO,SOM,Somalia,Somalie,SOM,M,Eastern Mediterranean,EMR,SI,Low income,WB_LI,2017.0,2018.0,SO,SOM,Somalia,Eastern Africa,14.0,ISO 3166-2:SO,Somalia,Somalia,16105000,Africa,2.0,Sub-Saharan Africa,202.0
158,ZAF,South Africa,RSA,ZAF,ZA,AFS,Sudafrica,Afrique du Sud,SOA,M,Africa,AFR,ZA,Upper middle income,WB_UMI,2017.0,2018.0,ZA,ZAF,South Africa,Southern Africa,18.0,ISO 3166-2:ZA,South Africa,South Africa,58721000,Africa,2.0,Sub-Saharan Africa,202.0
159,ESP,Spain,ESP,ESP,ES,E,Espana,Espagne,SPA,M,Europe,EUR,SP,High income,WB_HI,2017.0,2018.0,ES,ESP,Spain,,,ISO 3166-2:ES,Spain,Spain,46459000,Europe,150.0,Southern Europe,39.0
160,LKA,Sri Lanka,SRI,LKA,LK,CLN,Sri Lanka,Sri Lanka,SRL,M,South-East Asia,SEAR,SB,Lower middle income,WB_LMI,2017.0,2018.0,LK,LKA,Sri Lanka,,,ISO 3166-2:LK,Sri Lanka,Sri Lanka,21084000,Asia,142.0,Southern Asia,34.0
161,SDN,Sudan,SUD,SDN,SD,SDN,Sudan,Soudan,SUD,M,Eastern Mediterranean,EMR,SU,Lower middle income,WB_LMI,2017.0,2018.0,SD,SDN,Sudan,,,ISO 3166-2:SD,Sudan,Sudan,43541000,Africa,2.0,Northern Africa,15.0
162,SUR,Suriname,SUR,SUR,SR,SUR,Suriname,Suriname,SUR,M,Americas,AMR,SM,Upper middle income,WB_UMI,2017.0,2018.0,SR,SUR,Suriname,South America,5.0,ISO 3166-2:SR,Suriname,Suriname,578000,Americas,19.0,Latin America and the Caribbean,419.0
163,SWZ,Eswatini,SWZ,SWZ,SZ,SWZ,Eswatini,Eswatini,SWZ,M,Africa,AFR,SV,Lower middle income,WB_LMI,2017.0,2018.0,SZ,SWZ,Eswatini,Southern Africa,18.0,ISO 3166-2:SZ,Swaziland,Eswatini,1439000,Africa,2.0,Sub-Saharan Africa,202.0
164,SWE,Sweden,SWE,SWE,SE,S,Suecia,Suède,SWE,M,Europe,EUR,SN,High income,WB_HI,2017.0,2018.0,SE,SWE,Sweden,,,ISO 3166-2:SE,Sweden,Sweden,10122000,Europe,150.0,Northern Europe,154.0
165,CHE,Switzerland,SUI,CHE,CH,SUI,Suiza,Suisse,SWI,M,Europe,EUR,SW,High income,WB_HI,2017.0,2018.0,CH,CHE,Switzerland,,,ISO 3166-2:CH,Switzerland,Switzerland,8671000,Europe,150.0,Western Europe,155.0
166,SYR,Syrian Arab Republic,SYR,SYR,SY,SYR,Republica Arabe Siria,République arabe syrienne,SYR,M,Eastern Mediterranean,EMR,SY,Low income,WB_LI,2017.0,2018.0,SY,SYR,Syria,,,ISO 3166-2:SY,Syrian Arab Republic,Syrian Arab Republic,18924000,Asia,142.0,Western Asia,145.0
167,TJK,Tajikistan,TJK,TJK,TJ,TJK,Tayikistan,Tadjikistan,TJK,M,Europe,EUR,TA,Low income,WB_LI,2017.0,2018.0,TJ,TJK,Tajikistan,,,ISO 3166-2:TJ,Tajikistan,Tajikistan,9475000,Asia,142.0,Central Asia,143.0
168,THA,Thailand,THA,THA,TH,THA,Tailandia,Thaïlande,THA,M,South-East Asia,SEAR,TH,Upper middle income,WB_UMI,2017.0,2018.0,TH,THA,Thailand,,,ISO 3166-2:TH,Thailand,Thailand,69411000,Asia,142.0,South-eastern Asia,35.0
169,MKD,Republic of North Macedonia,MKD,MKD,MK,MKD,North Macedonia,ex-République yougoslave de Macédoine,MKD,M,Europe,EUR,MJ,Upper middle income,WB_UMI,2017.0,2018.0,MK,MKD,North Macedonia,,,ISO 3166-2:MK,TFYR Macedonia,North Macedonia,2088000,Europe,150.0,Southern Europe,39.0
170,TLS,Timor-Leste,TLS,TLS,TL,TMP,Timor-Leste,Timor-Leste,TLS,M,South-East Asia,SEAR,TM,Lower middle income,WB_LMI,2017.0,2018.0,TL,TLS,Timor-Leste,,,ISO 3166-2:TL,Timor-Leste,Timor-Leste,1381000,Asia,142.0,South-eastern Asia,35.0
171,TGO,Togo,TOG,TGO,TG,TGO,Togo (el),Togo,TOG,M,Africa,AFR,TG,Low income,WB_LI,2017.0,2018.0,TG,TGO,Togo,Western Africa,11.0,ISO 3166-2:TG,Togo,Togo,8384000,Africa,2.0,Sub-Saharan Africa,202.0
172,TON,Tonga,TGA,TON,TO,TON,Tonga,Tonga,TON,M,Western Pacific,WPR,TO,Upper middle income,WB_UMI,2017.0,2018.0,TO,TON,Tonga,,,ISO 3166-2:TO,Tonga,Tonga,111000,Oceania,9.0,Polynesia,61.0
173,TTO,Trinidad and Tobago,TRI,TTO,TT,TRD,Trinidad y Tabago,Trinité-et-Tobago,TRT,M,Americas,AMR,TD,High income,WB_HI,2017.0,2018.0,TT,TTO,Trinidad and Tobago,Caribbean,29.0,ISO 3166-2:TT,Trinidad and Tobago,Trinidad and Tobago,1378000,Americas,19.0,Latin America and the Caribbean,419.0
174,TUN,Tunisia,TUN,TUN,TN,TUN,Tunez,Tunisie,TUN,M,Eastern Mediterranean,EMR,TS,Lower middle income,WB_LMI,2017.0,2018.0,TN,TUN,Tunisia,,,ISO 3166-2:TN,Tunisia,Tunisia,11903000,Africa,2.0,Northern Africa,15.0
175,TUR,Turkey,TUR,TUR,TR,TUR,Turquia,Turquie,TUR,M,Europe,EUR,TU,Upper middle income,WB_UMI,2017.0,2018.0,TR,TUR,Turkey,,,ISO 3166-2:TR,Turkey,Turkey,83836000,Asia,142.0,Western Asia,145.0
176,TKM,Turkmenistan,TKM,TKM,TM,TKM,Turkmenistan,Turkménistan,TKM,M,Europe,EUR,TR,Upper middle income,WB_UMI,2017.0,2018.0,TM,TKM,Turkmenistan,,,ISO 3166-2:TM,Turkmenistan,Turkmenistan,6031000,Asia,142.0,Central Asia,143.0
177,TUV,Tuvalu,TUV,TUV,TV,TUV,Tuvalu,Tuvalu,TUV,M,Western Pacific,WPR,TV,Upper middle income,WB_UMI,2017.0,2018.0,TV,TUV,Tuvalu,,,ISO 3166-2:TV,Tuvalu,Tuvalu,11000,Oceania,9.0,Polynesia,61.0
178,UGA,Uganda,UGA,UGA,UG,UGA,Uganda,Ouganda,UGA,M,Africa,AFR,UG,Low income,WB_LI,2017.0,2018.0,UG,UGA,Uganda,Eastern Africa,14.0,ISO 3166-2:UG,Uganda,Uganda,47188000,Africa,2.0,Sub-Saharan Africa,202.0
179,UKR,Ukraine,UKR,UKR,UA,UKR,Ucrania,Ukraine,UKR,M,Europe,EUR,UR,Lower middle income,WB_LMI,2017.0,2018.0,UA,UKR,Ukraine,,,ISO 3166-2:UA,Ukraine,Ukraine,43579000,Europe,150.0,Eastern Europe,151.0
180,ARE,United Arab Emirates,UAE,ARE,AE,UAE,Emiratos A�rabes Unidos,Émirats arabes unis,UAE,M,Eastern Mediterranean,EMR,ER,High income,WB_HI,2017.0,2018.0,AE,ARE,UAE,,,ISO 3166-2:AE,United Arab Emirates,United Arab Emirates,9813000,Asia,142.0,Western Asia,145.0
181,GBR,United Kingdom of Great Britain and Northern Ireland,GBR,GBR,GB,G,Reino Unido de Gran Bretana e Irlanda del Norte,Royaume-Uni de Grande-Bretagne et d'Irlande du Nord,UNK,M,Europe,EUR,UK,High income,WB_HI,2017.0,2018.0,GB,GBR,United Kingdom,,,ISO 3166-2:GB,United Kingdom,United Kingdom of Great Britain and Northern Ireland,67334000,Europe,150.0,Northern Europe,154.0
182,TZA,United Republic of Tanzania,TAN,TZA,TZ,TZA,Republica Unida de Tanzania,République-Unie de Tanzanie,TAN,M,Africa,AFR,TN,Low income,WB_LI,2017.0,2018.0,TZ,TZA,Tanzania,Eastern Africa,14.0,ISO 3166-2:TZ,United Republic of Tanzania,"Tanzania, United Republic of",62775000,Africa,2.0,Sub-Saharan Africa,202.0
183,USA,United States of America,USA,USA,US,USA,Estados Unidos de America,États-Unis d'Amérique,USA,M,Americas,AMR,US,High income,WB_HI,2017.0,2018.0,US,USA,USA,,,ISO 3166-2:US,United States of America,United States of America,331432000,Americas,19.0,Northern America,21.0
184,URY,Uruguay,URU,URY,UY,URG,Uruguay,Uruguay,URU,M,Americas,AMR,UY,High income,WB_HI,2017.0,2018.0,UY,URY,Uruguay,South America,5.0,ISO 3166-2:UY,Uruguay,Uruguay,3494000,Americas,19.0,Latin America and the Caribbean,419.0
185,UZB,Uzbekistan,UZB,UZB,UZ,UZB,Uzbekistan,Ouzbékistan,UZB,M,Europe,EUR,UZ,Lower middle income,WB_LMI,2017.0,2018.0,UZ,UZB,Uzbekistan,,,ISO 3166-2:UZ,Uzbekistan,Uzbekistan,33236000,Asia,142.0,Central Asia,143.0
186,VUT,Vanuatu,VAN,VUT,VU,VUT,Vanuatu,Vanuatu,VAN,M,Western Pacific,WPR,NV,Lower middle income,WB_LMI,2017.0,2018.0,VU,VUT,Vanuatu,,,ISO 3166-2:VU,Vanuatu,Vanuatu,294000,Oceania,9.0,Melanesia,54.0
187,VEN,Venezuela (Bolivarian Republic of),VEN,VEN,VE,VEN,Venezuela (Republica Bolivariana de),Venezuela (République bolivarienne du),VEN,M,Americas,AMR,VN,Upper middle income,WB_UMI,2017.0,2018.0,VE,VEN,Venezuela,South America,5.0,ISO 3166-2:VE,Venezuela (Bolivarian Republic of),Venezuela (Bolivarian Republic of),33172000,Americas,19.0,Latin America and the Caribbean,419.0
188,VNM,Viet Nam,VIE,VNM,VN,VTN,Viet Nam,Viet Nam,VTN,M,Western Pacific,WPR,VS,Lower middle income,WB_LMI,2017.0,2018.0,VN,VNM,Viet Nam,,,ISO 3166-2:VN,Viet Nam,Viet Nam,98360000,Asia,142.0,South-eastern Asia,35.0
189,YEM,Yemen,YEM,YEM,YE,YEM,Yemen,Yémen,YEM,M,Eastern Mediterranean,EMR,YE,Low income,WB_LI,2017.0,2018.0,YE,YEM,Yemen,,,ISO 3166-2:YE,Yemen,Yemen,30245000,Asia,142.0,Western Asia,145.0
190,ZMB,Zambia,ZAM,ZMB,ZM,ZMB,Zambia,Zambie,ZAM,M,Africa,AFR,ZB,Lower middle income,WB_LMI,2017.0,2018.0,ZM,ZMB,Zambia,Eastern Africa,14.0,ISO 3166-2:ZM,Zambia,Zambia,18679000,Africa,2.0,Sub-Saharan Africa,202.0
191,ZWE,Zimbabwe,ZIM,ZWE,ZW,ZWE,Zimbabwe,Zimbabwe,ZIM,M,Africa,AFR,ZW,Low income,WB_LI,2017.0,2018.0,ZW,ZWE,Zimbabwe,Eastern Africa,14.0,ISO 3166-2:ZW,Zimbabwe,Zimbabwe,17680000,Africa,2.0,Sub-Saharan Africa,202.0
192,MNE,Montenegro,,MNE,,,Montenegro,Monténégro,,M,Europe,EUR,,Upper middle income,WB_UMI,2017.0,2018.0,ME,MNE,Montenegro,,,ISO 3166-2:ME,Montenegro,Montenegro,629000,Europe,150.0,Southern Europe,39.0
193,REU,Reunion,,REU,,,,,,,,,,,,2017.0,2018.0,RE,REU,Reunion,Eastern Africa,14.0,ISO 3166-2:RE,Réunion,Réunion,897000,Africa,2.0,Sub-Saharan Africa,202.0
194,AIA,Anguilla,,AIA,,,,,,,Americas,AMR,,Lower-middle-income,WB_LMI,2017.0,2018.0,AI,AIA,Anguilla,Caribbean,29.0,ISO 3166-2:AI,Anguilla,Anguilla,15000,Americas,19.0,Latin America and the Caribbean,419.0
195,ABW,Aruba,,ABW,,,,,,,,,,High income,WB_HI,2017.0,2018.0,AW,ABW,Aruba,Caribbean,29.0,ISO 3166-2:AW,Aruba,Aruba,106000,Americas,19.0,Latin America and the Caribbean,419.0
196,BMU,Bermuda,,BMU,,,,,,,,,,High income,WB_HI,2017.0,2018.0,BM,BMU,Bermuda,,,ISO 3166-2:BM,Bermuda,Bermuda,61000,Americas,19.0,Northern America,21.0
197,VGB,British Virgin Islands,,VGB,,,,,,,,,,High income,WB_HI,2017.0,2018.0,VG,VGB,Virgin Islands (British),Caribbean,29.0,ISO 3166-2:VG,British Virgin Islands,Virgin Islands (British),33000,Americas,19.0,Latin America and the Caribbean,419.0
198,CYM,Cayman Islands,,CYM,,,,,,,,,,High income,WB_HI,2017.0,2018.0,KY,CYM,Cayman Islands,Caribbean,29.0,ISO 3166-2:KY,Cayman Islands,Cayman Islands,64000,Americas,19.0,Latin America and the Caribbean,419.0
199,FLK,Falkland Islands (Malvinas),,FLK,,,,,,,,,,,,2017.0,2018.0,FK,FLK,Falkland Islands,South America,5.0,ISO 3166-2:FK,Falkland Islands (Malvinas),Falkland Islands (Malvinas),3000,Americas,19.0,Latin America and the Caribbean,419.0
200,GLP,Guadeloupe,,GLP,,,,,,,,,,,,2017.0,2018.0,GP,GLP,Guadeloupe,Caribbean,29.0,ISO 3166-2:GP,Guadeloupe,Guadeloupe,448000,Americas,19.0,Latin America and the Caribbean,419.0
201,MTQ,Martinique,,MTQ,,,,,,,,,,,,2017.0,2018.0,MQ,MTQ,Martinique,Caribbean,29.0,ISO 3166-2:MQ,Martinique,Martinique,385000,Americas,19.0,Latin America and the Caribbean,419.0
202,MSR,Montserrat,,MSR,,,,,,,,,,,,2017.0,2018.0,MS,MSR,Montserrat,Caribbean,29.0,ISO 3166-2:MS,Montserrat,Montserrat,5000,Americas,19.0,Latin America and the Caribbean,419.0
203,PRI,Puerto Rico,,PRI,,,,,,A,,,,High income,WB_HI,2017.0,2018.0,PR,PRI,Puerto Rico,Caribbean,29.0,ISO 3166-2:PR,Puerto Rico,Puerto Rico,3651000,Americas,19.0,Latin America and the Caribbean,419.0
204,SPM,Saint Pierre and Miquelon,,SPM,,,,,,,,,,,,2017.0,2018.0,PM,SPM,Saint Pierre and Miquelon,,,ISO 3166-2:PM,Saint Pierre and Miquelon,Saint Pierre and Miquelon,6000,Americas,19.0,Northern America,21.0
205,TCA,Turks and Caicos Islands,,TCA,,,,,,,,,,High income,WB_HI,2017.0,2018.0,TC,TCA,Turks and Caicos Islands,Caribbean,29.0,ISO 3166-2:TC,Turks and Caicos Islands,Turks and Caicos Islands,37000,Americas,19.0,Latin America and the Caribbean,419.0
206,VIR,Virgin Islands (USA),,VIR,,,,,,,,,,High income,WB_HI,2017.0,2018.0,VI,VIR,Virgin Islands (U.S.),Caribbean,29.0,ISO 3166-2:VI,United States Virgin Islands,Virgin Islands (U.S.),105000,Americas,19.0,Latin America and the Caribbean,419.0
207,TWN,China: Province of Taiwan only,,XX1,,,,,,,,,,,,2017.0,2018.0,TW,TWN,Taiwan,,,ISO 3166-2:TW,"China, Taiwan Province of China","Taiwan, Province of China",23818000,Asia,142.0,Eastern Asia,30.0
208,HKG,"China, Hong Kong Special Administrative Region",,HKG,,,,,,,,,,High income,WB_HI,2017.0,2018.0,HK,HKG,Hong Kong,,,ISO 3166-2:HK,"China, Hong Kong SAR",Hong Kong,7548000,Asia,142.0,Eastern Asia,30.0
209,MAC,"China, Macao Special Administrative Region",,MAC,,,,,,,,,,High income,WB_HI,2017.0,2018.0,MO,MAC,Macau,,,ISO 3166-2:MO,"China, Macao SAR",Macao,652000,Asia,142.0,Eastern Asia,30.0
210,GUF,French Guiana,,GUF,,,,,,,,,,,,2017.0,2018.0,GF,GUF,French Guiana,South America,5.0,ISO 3166-2:GF,French Guiana,French Guiana,304000,Americas,19.0,Latin America and the Caribbean,419.0
211,PSE,West Bank and Gaza Strip,,PSE,,,,,,,,,,Lower middle income,WB_LMI,2017.0,2018.0,PS,PSE,Palestine,,,ISO 3166-2:PS,State of Palestine,"Palestine, State of",5323000,Asia,142.0,Western Asia,145.0
212,GUM,Guam,,GUM,,,,,,,,,,High income,WB_HI,2017.0,2018.0,GU,GUM,Guam,,,ISO 3166-2:GU,Guam,Guam,169000,Oceania,9.0,Micronesia,57.0
213,MYT,Mayotte,,MYT,,,,,,,,,,,,2017.0,2018.0,YT,MYT,Mayotte,Eastern Africa,14.0,ISO 3166-2:YT,Mayotte,Mayotte,273000,Africa,2.0,Sub-Saharan Africa,202.0
214,PYF,French Polynesia,,PYF,,,,,,,,,,High income,WB_HI,2017.0,2018.0,PF,PYF,French Polynesia,,,ISO 3166-2:PF,French Polynesia,French Polynesia,291000,Oceania,9.0,Polynesia,61.0
215,FRO,Faroe Islands,,FRO,,,,,,,,,,High income,WB_HI,2017.0,2018.0,FO,FRO,Faroe Islands,,,ISO 3166-2:FO,Faeroe Islands,Faroe Islands,50000,Europe,150.0,Northern Europe,154.0
216,GRL,Greenland,,GRL,,,,,,,,,,High income,WB_HI,2017.0,2018.0,GL,GRL,Greenland,,,ISO 3166-2:GL,Greenland,Greenland,57000,Americas,19.0,Northern America,21.0
217,SHN,Saint Helena,,SHN,,,,,,,,,,,,2017.0,2018.0,SH,SHN,"Saint Helena, Ascension and Tristan da Cunha",Western Africa,11.0,ISO 3166-2:SH,Saint Helena,"Saint Helena, Ascension and Tristan da Cunha",4000,Africa,2.0,Sub-Saharan Africa,202.0
218,NCL,New Caledonia,,NCL,,,,,,,,,,High income,WB_HI,2017.0,2018.0,NC,NCL,New Caledonia,,,ISO 3166-2:NC,New Caledonia,New Caledonia,287000,Oceania,9.0,Melanesia,54.0
219,ASM,American Samoa,,ASM,,,,,,,,,,Upper middle income,WB_UMI,2017.0,2018.0,AS,ASM,American Samoa,,,ISO 3166-2:AS,American Samoa,American Samoa,56000,Oceania,9.0,Polynesia,61.0
220,TKL,Tokelau,,TKL,,,,,,A,,,,,,2017.0,2018.0,TK,TKL,Tokelau,,,ISO 3166-2:TK,Tokelau,Tokelau,1000,Oceania,9.0,Polynesia,61.0
221,MNP,Northern Mariana Islands,,MNP,,,,,,,,,,High income,WB_HI,2017.0,2018.0,MP,MNP,Northern Mariana Islands,,,ISO 3166-2:MP,Northern Mariana Islands,Northern Mariana Islands,55000,Oceania,9.0,Micronesia,57.0
222,GIB,Gibraltar,,GIB,,,,,,,,,,High income,WB_HI,2017.0,2018.0,GI,GIB,Gibraltar,,,ISO 3166-2:GI,Gibraltar,Gibraltar,35000,Europe,150.0,Southern Europe,39.0
223,LIE,Liechtenstein,,LIE,,,,,,,,,,High income,WB_HI,2017.0,2018.0,LI,LIE,Liechtenstein,,,ISO 3166-2:LI,Liechtenstein,Liechtenstein,39000,Europe,150.0,Western Europe,155.0
224,WLF,Wallis and Futuna Islands,,WLF,,,,,,,,,,,,2017.0,2018.0,WF,WLF,Wallis and Futuna,,,ISO 3166-2:WF,Wallis and Futuna Islands,Wallis and Futuna,12000,Oceania,9.0,Polynesia,61.0
225,BES,"Bonaire, Saint Eustatius and Saba",,BES,,,,,,,,,,,,2017.0,2018.0,BQ,BES,"Bonaire, Sint Eustatius and Saba",Caribbean,29.0,ISO 3166-2:BQ,Caribbean Netherlands,"Bonaire, Sint Eustatius and Saba",26000,Americas,19.0,Latin America and the Caribbean,419.0
226,CUW,Curaçao,,CUW,,,,,,,,,,High income,WB_HI,2017.0,2018.0,CW,CUW,Curacao,Caribbean,29.0,ISO 3166-2:CW,Curaçao,Curaçao,163000,Americas,19.0,Latin America and the Caribbean,419.0
227,SXM,Sint Maarten (Dutch part),,SXM,,,,,,,,,,High income,WB_HI,2017.0,2018.0,SX,SXM,Sint Maarten (Dutch part),Caribbean,29.0,ISO 3166-2:SX,Sint Maarten (Dutch part),Sint Maarten (Dutch part),41000,Americas,19.0,Latin America and the Caribbean,419.0
228,SSD,South Sudan,,SSD,,, Sudan del Sur,Soudan du Sud,,M,Africa,AFR,,Low income,WB_LI,2017.0,2018.0,SS,SSD,South Sudan,Eastern Africa,14.0,ISO 3166-2:SS,South Sudan,South Sudan,13610000,Africa,2.0,Sub-Saharan Africa,202.0
229,,,,,,,,,,,,,,,,,,,,Africa(Total),,,,,,1352023000,Africa,,,
230,,,,,,,,,,,,,,,,,,,,Americas(Total),,,,,,1033629000,Americas,,,
231,,,,,,,,,,,,,,,,,,,,Asia(Total),,,,,,4623456000,Asia,,,
232,,,,,,,,,,,,,,,,,,,,Europe(Total),,,,,,743133000,Europe,,,
233,,,,,,,,,,,,,,,,,,,,Oceania(Total),,,,,,42383000,Oceania,,,
