,DimensionMemberCode,DisplayString,IOC,ISO,ISO2,ITU,SHORTNAMEES,SHORTNAMEFR,WHO,WHOLEGALSTATUS,WHO_REGION,WHO_REGION_CODE,WMO,WORLD_BANK_INCOME_GROUP,WORLD_BANK_INCOME_GROUP_CODE,WORLD_BANK_INCOME_GROUP_GNI_REFERENCE_YEAR,WORLD_BANK_INCOME_GROUP_RELEASE_DATE,alpha-2,alpha-3,common_name,country-code,intermediate-region,intermediate-region-code,iso_3166-2,name,population,region,region-code,sub-region,sub-region-code
0,AFG,Afghanistan,AFG,AFG,AF,AFG,Afganistan,Afghanistan,AFG,M,Eastern Mediterranean,EMR,AF,Low income,WB_LI,2017.0,2018.0,AF,AFG,Afghanistan,4.0,,,ISO 3166-2:AF,Afghanistan,37172386.0,Asia,142.0,Southern Asia,34.0
1,ALB,Albania,ALB,ALB,AL,ALB,Albania,Albanie,ALB,M,Europe,EUR,AB,Upper middle income,WB_UMI,2017.0,2018.0,AL,ALB,Albania,8.0,,,ISO 3166-2:AL,Albania,2866376.0,Europe,150.0,Southern Europe,39.0
2,DZA,Algeria,ALG,DZA,DZ,ALG,Argelia,Algérie,ALG,M,Africa,AFR,AL,Upper middle income,WB_UMI,2017.0,2018.0,DZ,DZA,Algeria,12.0,,,ISO 3166-2:DZ,Algeria,42228429.0,Africa,2.0,Northern Africa,15.0
3,AND,Andorra,AND,AND,AD,AND,Andorra,Andorre,AND,M,Europe,EUR,,High income,WB_HI,2017.0,2018.0,AD,AND,Andorra,20.0,,,ISO 3166-2:AD,Andorra,77006.0,Europe,150.0,Southern Europe,39.0
4,AGO,Angola,ANG,AGO,AO,AGL,Angola,Angola,ANG,M,Africa,AFR,AN,Lower middle income,WB_LMI,2017.0,2018.0,AO,AGO,Angola,24.0,Middle Africa,17.0,ISO 3166-2:AO,Angola,30809762.0,Africa,2.0,Sub-Saharan Africa,202.0
5,ATG,Antigua and Barbuda,ANT,ATG,AG,ATG,Antigua y Barbuda,Antigua-et-Barbuda,ANI,M,Americas,AMR,AT,High income,WB_HI,2017.0,2018.0,AG,ATG,Antigua and Barbuda,28.0,Caribbean,29.0,ISO 3166-2:AG,Antigua and Barbuda,96286.0,Americas,19.0,Latin America and the Caribbean,419.0
6,ARG,Argentina,ARG,ARG,AR,ARG,Argentina,Argentine,ARG,M,Americas,AMR,AG,High income,WB_HI,2017.0,2018.0,AR,ARG,Argentina,32.0,South America,5.0,ISO 3166-2:AR,Argentina,44494502.0,Americas,19.0,Latin America and the Caribbean,419.0
7,ARM,Armenia,ARM,ARM,AM,ARM,Armenia,Arménie,ARM,M,Europe,EUR,AY,Upper middle income,WB_UMI,2017.0,2018.0,AM,ARM,Armenia,51.0,,,ISO 3166-2:AM,Armenia,2951776.0,Asia,142.0,Western Asia,145.0
8,AUS,Australia,AUS,AUS,AU,AUS,Australia,Australie,AUS,M,Western Pacific,WPR,AU,High income,WB_HI,2017.0,2018.0,AU,AUS,Australia,36.0,,,ISO 3166-2:AU,Australia,24992369.0,Oceania,9.0,Australia and New Zealand,53.0
9,AUT,Austria,AUT,AUT,AT,AUT,Austria,Autriche,AUT,M,Europe,EUR,OS,High income,WB_HI,2017.0,2018.0,AT,AUT,Austria,40.0,,,ISO 3166-2:AT,Austria,8847037.0,Europe,150.0,Western Europe,155.0
10,AZE,Azerbaijan,AZE,AZE,AZ,AZE,Azerbaijan,Azerbaïdjan,AZE,M,Europe,EUR,AJ,Upper middle income,WB_UMI,2017.0,2018.0,AZ,AZE,Azerbaijan,31.0,,,ISO 3166-2:AZ,Azerbaijan,9942334.0,Asia,142.0,Western Asia,145.0
11,BHS,Bahamas,BAH,BHS,BS,BAH,Bahamas,Bahamas,BAH,M,Americas,AMR,BA,High income,WB_HI,2017.0,2018.0,BS,BHS,Bahamas,44.0,Caribbean,29.0,ISO 3166-2:BS,Bahamas,385640.0,Americas,19.0,Latin America and the Caribbean,419.0
12,BHR,Bahrain,BRN,BHR,BH,BHR,Bahrein,Bahreïn,BAA,M,Eastern Mediterranean,EMR,BN,High income,WB_HI,2017.0,2018.0,BH,BHR,Bahrain,48.0,,,ISO 3166-2:BH,Bahrain,1569439.0,Asia,142.0,Western Asia,145.0
13,BGD,Bangladesh,BAN,BGD,BD,BGD,Bangladesh,Bangladesh,BAN,M,South-East Asia,SEAR,BW,Lower middle income,WB_LMI,2017.0,2018.0,BD,BGD,Bangladesh,50.0,,,ISO 3166-2:BD,Bangladesh,161356039.0,Asia,142.0,Southern Asia,34.0
14,BRB,Barbados,BAR,BRB,BB,BRB,Barbados,Barbade,BAR,M,Americas,AMR,BR,High income,WB_HI,2017.0,2018.0,BB,BRB,Barbados,52.0,Caribbean,29.0,ISO 3166-2:BB,Barbados,286641.0,Americas,19.0,Latin America and the Caribbean,419.0
15,BLR,Belarus,BLR,BLR,BY,BLR,Belarus,Bélarus,BLR,M,Europe,EUR,BY,Upper middle income,WB_UMI,2017.0,2018.0,BY,BLR,Belarus,112.0,,,ISO 3166-2:BY,Belarus,9485386.0,Europe,150.0,Eastern Europe,151.0
16,BEL,Belgium,BEL,BEL,BE,BEL,Belgica,Belgique,BEL,M,Europe,EUR,BX,High income,WB_HI,2017.0,2018.0,BE,BEL,Belgium,56.0,,,ISO 3166-2:BE,Belgium,11422068.0,Europe,150.0,Western Europe,155.0
17,BLZ,Belize,BIZ,BLZ,BZ,BLZ,Belice,Belize,BLZ,M,Americas,AMR,BH,Upper middle income,WB_UMI,2017.0,2018.0,BZ,BLZ,Belize,84.0,Central America,13.0,ISO 3166-2:BZ,Belize,383071.0,Americas,19.0,Latin America and the Caribbean,419.0
18,BEN,Benin,BEN,BEN,BJ,BEN,Benin,Bénin,BEN,M,Africa,AFR,BJ,Low income,WB_LI,2017.0,2018.0,BJ,BEN,Benin,204.0,Western Africa,11.0,ISO 3166-2:BJ,Benin,11485048.0,Africa,2.0,Sub-Saharan Africa,202.0
19,BTN,Bhutan,BHU,BTN,BT,BTN,Bhutan,Bhoutan,BHU,M,South-East Asia,SEAR,,Lower middle income,WB_LMI,2017.0,2018.0,BT,BTN,Bhutan,64.0,,,ISO 3166-2:BT,Bhutan,754394.0,Asia,142.0,Southern Asia,34.0
20,BOL,Bolivia (Plurinational State of),BOL,BOL,BO,BOL,Bolivia (Estado Plurinacional de)  ,Bolivie (État plurinational de),BOL,M,Americas,AMR,BO,Lower middle income,WB_LMI,2017.0,2018.0,BO,BOL,Bolivia,68.0,South America,5.0,ISO 3166-2:BO,Bolivia (Plurinational State of),11353142.0,Americas,19.0,Latin America and the Caribbean,419.0
21,BIH,Bosnia and Herzegovina,BIH,BIH,BA,BIH,Bosnia y Herzegovina,Bosnie-Herzégovine,BIH,M,Europe,EUR,BG,Upper middle income,WB_UMI,2017.0,2018.0,BA,BIH,Bosnia and Herzegovina,70.0,,,ISO 3166-2:BA,Bosnia and Herzegovina,3323929.0,Europe,150.0,Southern Europe,39.0
22,BWA,Botswana,BOT,BWA,BW,BOT,Botswana,Botswana,BOT,M,Africa,AFR,BC,Upper middle income,WB_UMI,2017.0,2018.0,BW,BWA,Botswana,72.0,Southern Africa,18.0,ISO 3166-2:BW,Botswana,2254126.0,Africa,2.0,Sub-Saharan Africa,202.0
23,BRA,Brazil,BRA,BRA,BR,B,Brasil,Brésil,BRA,M,Americas,AMR,BZ,Upper middle income,WB_UMI,2017.0,2018.0,BR,BRA,Brazil,76.0,South America,5.0,ISO 3166-2:BR,Brazil,209469333.0,Americas,19.0,Latin America and the Caribbean,419.0
24,BRN,Brunei Darussalam,BRU,BRN,BN,BRU,Brunei Darussalam,Brunéi Darussalam,BRU,M,Western Pacific,WPR,BD,High income,WB_HI,2017.0,2018.0,BN,BRN,Brunei Darussalam,96.0,,,ISO 3166-2:BN,Brunei Darussalam,428962.0,Asia,142.0,South-eastern Asia,35.0
25,BGR,Bulgaria,BUL,BGR,BG,BUL,Bulgaria,Bulgarie,BUL,M,Europe,EUR,BU,Upper middle income,WB_UMI,2017.0,2018.0,BG,BGR,Bulgaria,100.0,,,ISO 3166-2:BG,Bulgaria,7024216.0,Europe,150.0,Eastern Europe,151.0
26,BFA,Burkina Faso,BUR,BFA,BF,BFA,Burkina Faso,Burkina Faso,BFA,M,Africa,AFR,HV,Low income,WB_LI,2017.0,2018.0,BF,BFA,Burkina Faso,854.0,Western Africa,11.0,ISO 3166-2:BF,Burkina Faso,19751535.0,Africa,2.0,Sub-Saharan Africa,202.0
27,BDI,Burundi,BDI,BDI,BI,BDI,Burundi,Burundi,BUU,M,Africa,AFR,BI,Low income,WB_LI,2017.0,2018.0,BI,BDI,Burundi,108.0,Eastern Africa,14.0,ISO 3166-2:BI,Burundi,11175378.0,Africa,2.0,Sub-Saharan Africa,202.0
28,KHM,Cambodia,CAM,KHM,KH,CBG,Camboya,Cambodge,CAM,M,Western Pacific,WPR,KP,Lower middle income,WB_LMI,2017.0,2018.0,KH,KHM,Cambodia,116.0,,,ISO 3166-2:KH,Cambodia,16249798.0,Asia,142.0,South-eastern Asia,35.0
29,CMR,Cameroon,CMR,CMR,CM,CME,Camerun,Cameroun,CAE,M,Africa,AFR,CM,Lower middle income,WB_LMI,2017.0,2018.0,CM,CMR,Cameroon,120.0,Middle Africa,17.0,ISO 3166-2:CM,Cameroon,25216237.0,Africa,2.0,Sub-Saharan Africa,202.0
30,CAN,Canada,CAN,CAN,CA,CAN,Canada,Canada,CAN,M,Americas,AMR,CN,High income,WB_HI,2017.0,2018.0,CA,CAN,Canada,124.0,,,ISO 3166-2:CA,Canada,37058856.0,Americas,19.0,Northern America,21.0
31,CPV,Cabo Verde,CPV,CPV,CV,CPV,Cabo Verde,Cabo Verde,CAV,M,Africa,AFR,CV,Lower middle income,WB_LMI,2017.0,2018.0,CV,CPV,Cabo Verde,132.0,Western Africa,11.0,ISO 3166-2:CV,Cabo Verde,543767.0,Africa,2.0,Sub-Saharan Africa,202.0
32,CAF,Central African Republic,CAF,CAF,CF,CAF,Republica Centroafricana,République centrafricaine,CAF,M,Africa,AFR,CE,Low income,WB_LI,2017.0,2018.0,CF,CAF,Central African Republic,140.0,Middle Africa,17.0,ISO 3166-2:CF,Central African Republic,4666377.0,Africa,2.0,Sub-Saharan Africa,202.0
33,TCD,Chad,CHA,TCD,TD,TCD,Chad (el),Tchad,CHA,M,Africa,AFR,CD,Low income,WB_LI,2017.0,2018.0,TD,TCD,Chad,148.0,Middle Africa,17.0,ISO 3166-2:TD,Chad,15477751.0,Africa,2.0,Sub-Saharan Africa,202.0
34,CHL,Chile,CHI,CHL,CL,CHL,Chile,Chili,CHI,M,Americas,AMR,CH,High income,WB_HI,2017.0,2018.0,CL,CHL,Chile,152.0,South America,5.0,ISO 3166-2:CL,Chile,18729160.0,Americas,19.0,Latin America and the Caribbean,419.0
35,CHN,China,CHN,CHN,CN,CHN,China,Chine,CHN,M,Western Pacific,WPR,CI,Upper middle income,WB_UMI,2017.0,2018.0,CN,CHN,China,156.0,,,ISO 3166-2:CN,China,1392730000.0,Asia,142.0,Eastern Asia,30.0
36,COL,Colombia,COL,COL,CO,CLM,Colombia,Colombie,COL,M,Americas,AMR,CO,Upper middle income,WB_UMI,2017.0,2018.0,CO,COL,Colombia,170.0,South America,5.0,ISO 3166-2:CO,Colombia,49648685.0,Americas,19.0,Latin America and the Caribbean,419.0
37,COM,Comoros,COM,COM,KM,COM,Comoras,Comores,COM,M,Africa,AFR,IC,Low income,WB_LI,2017.0,2018.0,KM,COM,Comoros,174.0,Eastern Africa,14.0,ISO 3166-2:KM,Comoros,832322.0,Africa,2.0,Sub-Saharan Africa,202.0
38,COG,Congo,CGO,COG,CG,COG,Congo (el),Congo,CNG,M,Africa,AFR,CG,Lower middle income,WB_LMI,2017.0,2018.0,CG,COG,Congo,178.0,Middle Africa,17.0,ISO 3166-2:CG,Congo,5244363.0,Africa,2.0,Sub-Saharan Africa,202.0
39,CRI,Costa Rica,CRC,CRI,CR,CTR,Costa Rica,Costa Rica,COR,M,Americas,AMR,CS,Upper middle income,WB_UMI,2017.0,2018.0,CR,CRI,Costa Rica,188.0,Central America,13.0,ISO 3166-2:CR,Costa Rica,4999441.0,Americas,19.0,Latin America and the Caribbean,419.0
40,HRV,Croatia,CRO,HRV,HR,HRV,Croacia,Croatie,CRO,M,Europe,EUR,RH,High income,WB_HI,2017.0,2018.0,HR,HRV,Croatia,191.0,,,ISO 3166-2:HR,Croatia,4089400.0,Europe,150.0,Southern Europe,39.0
41,CUB,Cuba,CUB,CUB,CU,CUB,Cuba,Cuba,CUB,M,Americas,AMR,CU,Upper middle income,WB_UMI,2017.0,2018.0,CU,CUB,Cuba,192.0,Caribbean,29.0,ISO 3166-2:CU,Cuba,11338138.0,Americas,19.0,Latin America and the Caribbean,419.0
42,CYP,Cyprus,CYP,CYP,CY,CYP,Chipre,Chypre,CYP,M,Europe,EUR,CY,High income,WB_HI,2017.0,2018.0,CY,CYP,Cyprus,196.0,,,ISO 3166-2:CY,Cyprus,1189265.0,Asia,142.0,Western Asia,145.0
43,CZE,Czechia,CZE,CZE,CZ,CZE,Republica Checa,République tchèque,CZH,M,Europe,EUR,CZ,High income,WB_HI,2017.0,2018.0,CZ,CZE,Czech Republic,203.0,,,ISO 3166-2:CZ,Czechia,10625695.0,Europe,150.0,Eastern Europe,151.0
44,CIV,Côte d'Ivoire,CIV,CIV,CI,CTI,Côte d'Ivoire,Côte d'Ivoire,IVC,M,Africa,AFR,IV,Lower middle income,WB_LMI,2017.0,2018.0,CI,CIV,Ivory Coast,384.0,Western Africa,11.0,ISO 3166-2:CI,Côte d'Ivoire,25069229.0,Africa,2.0,Sub-Saharan Africa,202.0
45,PRK,Democratic People's Republic of Korea,PRK,PRK,KP,KRE,Republica Popular Democratica de Corea,République populaire démocratique de Corée,KRD,M,South-East Asia,SEAR,KR,Low income,WB_LI,2017.0,2018.0,KP,PRK,North Korea,408.0,,,ISO 3166-2:KP,Korea (Democratic People's Republic of),25549819.0,Asia,142.0,Eastern Asia,30.0
46,COD,Democratic Republic of the Congo,COD,COD,CD,COD,Republica Democratica del Congo,République démocratique du Congo,COD,M,Africa,AFR,ZR,Low income,WB_LI,2017.0,2018.0,CD,COD,Congo,180.0,Middle Africa,17.0,ISO 3166-2:CD,"Congo, Democratic Republic of the",84068091.0,Africa,2.0,Sub-Saharan Africa,202.0
47,DNK,Denmark,DEN,DNK,DK,DNK,Dinamarca,Danemark,DEN,M,Europe,EUR,DN,High income,WB_HI,2017.0,2018.0,DK,DNK,Denmark,208.0,,,ISO 3166-2:DK,Denmark,5797446.0,Europe,150.0,Northern Europe,154.0
48,DJI,Djibouti,DJI,DJI,DJ,DJI,Djibouti,Djibouti,DJI,M,Eastern Mediterranean,EMR,DJ,Lower middle income,WB_LMI,2017.0,2018.0,DJ,DJI,Djibouti,262.0,Eastern Africa,14.0,ISO 3166-2:DJ,Djibouti,958920.0,Africa,2.0,Sub-Saharan Africa,202.0
49,DMA,Dominica,DMA,DMA,DM,DMA,Dominica,Dominique,DOM,M,Americas,AMR,DO,Upper middle income,WB_UMI,2017.0,2018.0,DM,DMA,Dominica,212.0,Caribbean,29.0,ISO 3166-2:DM,Dominica,71625.0,Americas,19.0,Latin America and the Caribbean,419.0
50,DOM,Dominican Republic,DOM,DOM,DO,DOM,Republica Dominicana,République dominicaine,DOR,M,Americas,AMR,DR,Upper middle income,WB_UMI,2017.0,2018.0,DO,DOM,Dominican Republic,214.0,Caribbean,29.0,ISO 3166-2:DO,Dominican Republic,10627165.0,Americas,19.0,Latin America and the Caribbean,419.0
51,ECU,Ecuador,ECU,ECU,EC,EQA,Ecuador,Équateur,ECU,M,Americas,AMR,EQ,Upper middle income,WB_UMI,2017.0,2018.0,EC,ECU,Ecuador,218.0,South America,5.0,ISO 3166-2:EC,Ecuador,17084357.0,Americas,19.0,Latin America and the Caribbean,419.0
52,EGY,Egypt,EGY,EGY,EG,EGY,Egipto,Égypte,EGY,M,Eastern Mediterranean,EMR,EG,Lower middle income,WB_LMI,2017.0,2018.0,EG,EGY,Egypt,818.0,,,ISO 3166-2:EG,Egypt,98423595.0,Africa,2.0,Northern Africa,15.0
53,SLV,El Salvador,ESA,SLV,SV,SLV,El Salvador,El Salvador,ELS,M,Americas,AMR,ES,Lower middle income,WB_LMI,2017.0,2018.0,SV,SLV,El Salvador,222.0,Central America,13.0,ISO 3166-2:SV,El Salvador,6420744.0,Americas,19.0,Latin America and the Caribbean,419.0
54,GNQ,Equatorial Guinea,GEQ,GNQ,GQ,GNE,Guinea Ecuatorial,Guinée équatoriale,EQG,M,Africa,AFR,GQ,Upper middle income,WB_UMI,2017.0,2018.0,GQ,GNQ,Equatorial Guinea,226.0,Middle Africa,17.0,ISO 3166-2:GQ,Equatorial Guinea,1308974.0,Africa,2.0,Sub-Saharan Africa,202.0
55,ERI,Eritrea,ERI,ERI,ER,ERI,Eritrea,Érythrée,ERI,M,Africa,AFR,,Low income,WB_LI,2017.0,2018.0,ER,ERI,Eritrea,232.0,Eastern Africa,14.0,ISO 3166-2:ER,Eritrea,,Africa,2.0,Sub-Saharan Africa,202.0
56,EST,Estonia,EST,EST,EE,EST,Estonia,Estonie,EST,M,Europe,EUR,EO,High income,WB_HI,2017.0,2018.0,EE,EST,Estonia,233.0,,,ISO 3166-2:EE,Estonia,1320884.0,Europe,150.0,Northern Europe,154.0
57,ETH,Ethiopia,ETH,ETH,ET,ETH,Etiopia,Éthiopie,ETH,M,Africa,AFR,ET,Low income,WB_LI,2017.0,2018.0,ET,ETH,Ethiopia,231.0,Eastern Africa,14.0,ISO 3166-2:ET,Ethiopia,109224559.0,Africa,2.0,Sub-Saharan Africa,202.0
58,FJI,Fiji,FIJ,FJI,FJ,FJI,Fiji,Fidji,FIJ,M,Western Pacific,WPR,FJ,Upper middle income,WB_UMI,2017.0,2018.0,FJ,FJI,Fiji,242.0,,,ISO 3166-2:FJ,Fiji,883483.0,Oceania,9.0,Melanesia,54.0
59,FIN,Finland,FIN,FIN,FI,FIN,Finlandia,Finlande,FIN,M,Europe,EUR,FI,High income,WB_HI,2017.0,2018.0,FI,FIN,Finland,246.0,,,ISO 3166-2:FI,Finland,5518050.0,Europe,150.0,Northern Europe,154.0
60,FRA,France,FRA,FRA,FR,F,Francia,France,FRA,M,Europe,EUR,FR,High income,WB_HI,2017.0,2018.0,FR,FRA,France,250.0,,,ISO 3166-2:FR,France,66987244.0,Europe,150.0,Western Europe,155.0
61,GAB,Gabon,GAB,GAB,GA,GAB,Gabon,Gabon,GAB,M,Africa,AFR,GO,Upper middle income,WB_UMI,2017.0,2018.0,GA,GAB,Gabon,266.0,Middle Africa,17.0,ISO 3166-2:GA,Gabon,2119275.0,Africa,2.0,Sub-Saharan Africa,202.0
62,GMB,Gambia,GAM,GMB,GM,GMB,Gambia,Gambie,GAM,M,Africa,AFR,GB,Low income,WB_LI,2017.0,2018.0,GM,GMB,Gambia,270.0,Western Africa,11.0,ISO 3166-2:GM,Gambia,2280102.0,Africa,2.0,Sub-Saharan Africa,202.0
63,GEO,Georgia,GEO,GEO,GE,GEO,Georgia,Géorgie,GEO,M,Europe,EUR,GG,Lower middle income,WB_LMI,2017.0,2018.0,GE,GEO,Georgia,268.0,,,ISO 3166-2:GE,Georgia,3731000.0,Asia,142.0,Western Asia,145.0
64,DEU,Germany,GER,DEU,DE,D,Alemania,Allemagne,DEU,M,Europe,EUR,DL,High income,WB_HI,2017.0,2018.0,DE,DEU,Germany,276.0,,,ISO 3166-2:DE,Germany,82927922.0,Europe,150.0,Western Europe,155.0
65,GHA,Ghana,GHA,GHA,GH,GHA,Ghana,Ghana,GHA,M,Africa,AFR,GH,Lower middle income,WB_LMI,2017.0,2018.0,GH,GHA,Ghana,288.0,Western Africa,11.0,ISO 3166-2:GH,Ghana,29767108.0,Africa,2.0,Sub-Saharan Africa,202.0
66,GRC,Greece,GRE,GRC,GR,GRC,Grecia,Grèce,GRE,M,Europe,EUR,GR,High income,WB_HI,2017.0,2018.0,GR,GRC,Greece,300.0,,,ISO 3166-2:GR,Greece,10727668.0,Europe,150.0,Southern Europe,39.0
67,GRD,Grenada,GRN,GRD,GD,GRD,Granada,Grenade,GRA,M,Americas,AMR,GD,Upper middle income,WB_UMI,2017.0,2018.0,GD,GRD,Grenada,308.0,Caribbean,29.0,ISO 3166-2:GD,Grenada,111454.0,Americas,19.0,Latin America and the Caribbean,419.0
68,GTM,Guatemala,GUA,GTM,GT,GTM,Guatemala,Guatemala,GUT,M,Americas,AMR,GU,Upper middle income,WB_UMI,2017.0,2018.0,GT,GTM,Guatemala,320.0,Central America,13.0,ISO 3166-2:GT,Guatemala,17247807.0,Americas,19.0,Latin America and the Caribbean,419.0
69,GIN,Guinea,GUI,GIN,GN,GUI,Guinea,Guinée,GUI,M,Africa,AFR,GN,Low income,WB_LI,2017.0,2018.0,GN,GIN,Guinea,324.0,Western Africa,11.0,ISO 3166-2:GN,Guinea,12414318.0,Africa,2.0,Sub-Saharan Africa,202.0
70,GNB,Guinea-Bissau,GBS,GNB,GW,GNB,Guinea-Bissau,Guinée-Bissau,GUB,M,Africa,AFR,GW,Low income,WB_LI,2017.0,2018.0,GW,GNB,Guinea-Bissau,624.0,Western Africa,11.0,ISO 3166-2:GW,Guinea-Bissau,1874309.0,Africa,2.0,Sub-Saharan Africa,202.0
71,GUY,Guyana,GUY,GUY,GY,GUY,Guyana,Guyana,GUY,M,Americas,AMR,GY,Upper middle income,WB_UMI,2017.0,2018.0,GY,GUY,Guyana,328.0,South America,5.0,ISO 3166-2:GY,Guyana,779004.0,Americas,19.0,Latin America and the Caribbean,419.0
72,HTI,Haiti,HAI,HTI,HT,HTI,Haiti,Haïti,HAI,M,Americas,AMR,HA,Low income,WB_LI,2017.0,2018.0,HT,HTI,Haiti,332.0,Caribbean,29.0,ISO 3166-2:HT,Haiti,11123176.0,Americas,19.0,Latin America and the Caribbean,419.0
73,HND,Honduras,HON,HND,HN,HND,Honduras,Honduras,HON,M,Americas,AMR,HO,Lower middle income,WB_LMI,2017.0,2018.0,HN,HND,Honduras,340.0,Central America,13.0,ISO 3166-2:HN,Honduras,9587522.0,Americas,19.0,Latin America and the Caribbean,419.0
74,HUN,Hungary,HUN,HUN,HU,HNG,Hungria,Hongrie,HUN,M,Europe,EUR,HU,High income,WB_HI,2017.0,2018.0,HU,HUN,Hungary,348.0,,,ISO 3166-2:HU,Hungary,9768785.0,Europe,150.0,Eastern Europe,151.0
75,ISL,Iceland,ISL,ISL,IS,ISL,Islandia,Islande,ICE,M,Europe,EUR,IL,High income,WB_HI,2017.0,2018.0,IS,ISL,Iceland,352.0,,,ISO 3166-2:IS,Iceland,353574.0,Europe,150.0,Northern Europe,154.0
76,IND,India,IND,IND,IN,IND,India,Inde,IND,M,South-East Asia,SEAR,IN,Lower middle income,WB_LMI,2017.0,2018.0,IN,IND,India,356.0,,,ISO 3166-2:IN,India,1352617328.0,Asia,142.0,Southern Asia,34.0
77,IDN,Indonesia,INA,IDN,ID,INS,Indonesia,Indonésie,INO,M,South-East Asia,SEAR,ID,Lower middle income,WB_LMI,2017.0,2018.0,ID,IDN,Indonesia,360.0,,,ISO 3166-2:ID,Indonesia,267663435.0,Asia,142.0,South-eastern Asia,35.0
78,IRN,Iran (Islamic Republic of),IRI,IRN,IR,IRN,Iran (Republica Islamica del),Iran (République islamique d'),IRA,M,Eastern Mediterranean,EMR,IR,Upper middle income,WB_UMI,2017.0,2018.0,IR,IRN,Iran,364.0,,,ISO 3166-2:IR,Iran (Islamic Republic of),81800269.0,Asia,142.0,Southern Asia,34.0
79,IRQ,Iraq,IRQ,IRQ,IQ,IRQ,Iraq,Iraq,IRQ,M,Eastern Mediterranean,EMR,IQ,Upper middle income,WB_UMI,2017.0,2018.0,IQ,IRQ,Iraq,368.0,,,ISO 3166-2:IQ,Iraq,38433600.0,Asia,142.0,Western Asia,145.0
80,IRL,Ireland,IRL,IRL,IE,IRL,Irlanda,Irlande,IRE,M,Europe,EUR,IE,High income,WB_HI,2017.0,2018.0,IE,IRL,Ireland,372.0,,,ISO 3166-2:IE,Ireland,4853506.0,Europe,150.0,Northern Europe,154.0
81,ISR,Israel,ISR,ISR,IL,ISR,Israel,Israël,ISR,M,Europe,EUR,IS,High income,WB_HI,2017.0,2018.0,IL,ISR,Israel,376.0,,,ISO 3166-2:IL,Israel,8883800.0,Asia,142.0,Western Asia,145.0
82,ITA,Italy,ITA,ITA,IT,I,Italia,Italie,ITA,M,Europe,EUR,IY,High income,WB_HI,2017.0,2018.0,IT,ITA,Italy,380.0,,,ISO 3166-2:IT,Italy,60431283.0,Europe,150.0,Southern Europe,39.0
83,JAM,Jamaica,JAM,JAM,JM,JMC,Jamaica,Jamaïque,JAM,M,Americas,AMR,JM,Upper middle income,WB_UMI,2017.0,2018.0,JM,JAM,Jamaica,388.0,Caribbean,29.0,ISO 3166-2:JM,Jamaica,2934855.0,Americas,19.0,Latin America and the Caribbean,419.0
84,JPN,Japan,JPN,JPN,JP,J,Japan,Japon,JPN,M,Western Pacific,WPR,JP,High income,WB_HI,2017.0,2018.0,JP,JPN,Japan,392.0,,,ISO 3166-2:JP,Japan,126529100.0,Asia,142.0,Eastern Asia,30.0
85,JOR,Jordan,JOR,JOR,JO,JOR,Jordania,Jordanie,JOR,M,Eastern Mediterranean,EMR,JD,Upper middle income,WB_UMI,2017.0,2018.0,JO,JOR,Jordan,400.0,,,ISO 3166-2:JO,Jordan,9956011.0,Asia,142.0,Western Asia,145.0
86,KAZ,Kazakhstan,KAZ,KAZ,KZ,KAZ,Kazajstan,Kazakhstan,KAZ,M,Europe,EUR,KZ,Upper middle income,WB_UMI,2017.0,2018.0,KZ,KAZ,Kazakhstan,398.0,,,ISO 3166-2:KZ,Kazakhstan,18276499.0,Asia,142.0,Central Asia,143.0
87,KEN,Kenya,KEN,KEN,KE,KEN,Kenya,Kenya,KEN,M,Africa,AFR,KN,Lower middle income,WB_LMI,2017.0,2018.0,KE,KEN,Kenya,404.0,Eastern Africa,14.0,ISO 3166-2:KE,Kenya,51393010.0,Africa,2.0,Sub-Saharan Africa,202.0
88,KIR,Kiribati,KIR,KIR,KI,KIR,Kiribati,Kiribati,KIR,M,Western Pacific,WPR,KB,Lower middle income,WB_LMI,2017.0,2018.0,KI,KIR,Kiribati,296.0,,,ISO 3166-2:KI,Kiribati,115847.0,Oceania,9.0,Micronesia,57.0
89,KWT,Kuwait,KUW,KWT,KW,KWT,Kuwait,Koweït,KUW,M,Eastern Mediterranean,EMR,KW,High income,WB_HI,2017.0,2018.0,KW,KWT,Kuwait,414.0,,,ISO 3166-2:KW,Kuwait,4137309.0,Asia,142.0,Western Asia,145.0
90,KGZ,Kyrgyzstan,KGZ,KGZ,KG,KGZ,Kirguistan,Kirghizistan,KGZ,M,Europe,EUR,KG,Lower middle income,WB_LMI,2017.0,2018.0,KG,KGZ,Kyrgyzstan,417.0,,,ISO 3166-2:KG,Kyrgyzstan,6315800.0,Asia,142.0,Central Asia,143.0
91,LAO,Lao People's Democratic Republic,LAO,LAO,LA,LAO,Republica Democratica Popular Lao,République démocratique populaire lao,LAO,M,Western Pacific,WPR,LA,Lower middle income,WB_LMI,2017.0,2018.0,LA,LAO,Laos,418.0,,,ISO 3166-2:LA,Lao People's Democratic Republic,7061507.0,Asia,142.0,South-eastern Asia,35.0
92,LVA,Latvia,LAT,LVA,LV,LVA,Letonia,Lettonie,LVA,M,Europe,EUR,LV,High income,WB_HI,2017.0,2018.0,LV,LVA,Latvia,428.0,,,ISO 3166-2:LV,Latvia,1926542.0,Europe,150.0,Northern Europe,154.0
93,LBN,Lebanon,LIB,LBN,LB,LBN,Libano,Liban,LEB,M,Eastern Mediterranean,EMR,LB,Upper middle income,WB_UMI,2017.0,2018.0,LB,LBN,Lebanon,422.0,,,ISO 3166-2:LB,Lebanon,6848925.0,Asia,142.0,Western Asia,145.0
94,LSO,Lesotho,LES,LSO,LS,LSO,Lesotho,Lesotho,LES,M,Africa,AFR,LS,Lower middle income,WB_LMI,2017.0,2018.0,LS,LSO,Lesotho,426.0,Southern Africa,18.0,ISO 3166-2:LS,Lesotho,2108132.0,Africa,2.0,Sub-Saharan Africa,202.0
95,LBR,Liberia,LBR,LBR,LR,LBR,Liberia,Libéria,LIB,M,Africa,AFR,LI,Low income,WB_LI,2017.0,2018.0,LR,LBR,Liberia,430.0,Western Africa,11.0,ISO 3166-2:LR,Liberia,4818977.0,Africa,2.0,Sub-Saharan Africa,202.0
96,LBY,Libya,LBA,LBY,LY,LBY,Libia,Libye,LIY,M,Eastern Mediterranean,EMR,LY,Upper middle income,WB_UMI,2017.0,2018.0,LY,LBY,Libya,434.0,,,ISO 3166-2:LY,Libya,6678567.0,Africa,2.0,Northern Africa,15.0
97,LTU,Lithuania,LTU,LTU,LT,LTU,Lituania,Lituanie,LTU,M,Europe,EUR,LT,High income,WB_HI,2017.0,2018.0,LT,LTU,Lithuania,440.0,,,ISO 3166-2:LT,Lithuania,2789533.0,Europe,150.0,Northern Europe,154.0
98,LUX,Luxembourg,LUX,LUX,LU,LUX,Luxemburgo,Luxembourg,LUX,M,Europe,EUR,BX,High income,WB_HI,2017.0,2018.0,LU,LUX,Luxembourg,442.0,,,ISO 3166-2:LU,Luxembourg,607728.0,Europe,150.0,Western Europe,155.0
99,MDG,Madagascar,MAD,MDG,MG,MDG,Madagascar,Madagascar,MAD,M,Africa,AFR,MG,Low income,WB_LI,2017.0,2018.0,MG,MDG,Madagascar,450.0,Eastern Africa,14.0,ISO 3166-2:MG,Madagascar,26262368.0,Africa,2.0,Sub-Saharan Africa,202.0
100,MWI,Malawi,MAW,MWI,MW,MWI,Malawi,Malawi,MAL,M,Africa,AFR,MW,Low income,WB_LI,2017.0,2018.0,MW,MWI,Malawi,454.0,Eastern Africa,14.0,ISO 3166-2:MW,Malawi,18143315.0,Africa,2.0,Sub-Saharan Africa,202.0
101,MYS,Malaysia,MAS,MYS,MY,MLA,Malasia,Malaisie,MAA,M,Western Pacific,WPR,MS,Upper middle income,WB_UMI,2017.0,2018.0,MY,MYS,Malaysia,458.0,,,ISO 3166-2:MY,Malaysia,31528585.0,Asia,142.0,South-eastern Asia,35.0
102,MDV,Maldives,MDV,MDV,MV,MLD,Maldivas,Maldives,MAV,M,South-East Asia,SEAR,MV,Upper middle income,WB_UMI,2017.0,2018.0,MV,MDV,Maldives,462.0,,,ISO 3166-2:MV,Maldives,515696.0,Asia,142.0,Southern Asia,34.0
103,MLI,Mali,MLI,MLI,ML,MLI,Mali,Mali,MAI,M,Africa,AFR,MI,Low income,WB_LI,2017.0,2018.0,ML,MLI,Mali,466.0,Western Africa,11.0,ISO 3166-2:ML,Mali,19077690.0,Africa,2.0,Sub-Saharan Africa,202.0
104,MLT,Malta,MLT,MLT,MT,MLT,Malta,Malte,MAT,M,Europe,EUR,ML,High income,WB_HI,2017.0,2018.0,MT,MLT,Malta,470.0,,,ISO 3166-2:MT,Malta,483530.0,Europe,150.0,Southern Europe,39.0
105,MHL,Marshall Islands,MSH,MHL,MH,MHL,Islas Marshall,Îles Marshall,MSI,M,Western Pacific,WPR,MH,Upper middle income,WB_UMI,2017.0,2018.0,MH,MHL,Marshall Islands,584.0,,,ISO 3166-2:MH,Marshall Islands,58413.0,Oceania,9.0,Micronesia,57.0
106,MRT,Mauritania,MTN,MRT,MR,MTN,Mauritania,Mauritanie,MAU,M,Africa,AFR,MT,Lower middle income,WB_LMI,2017.0,2018.0,MR,MRT,Mauritania,478.0,Western Africa,11.0,ISO 3166-2:MR,Mauritania,4403319.0,Africa,2.0,Sub-Saharan Africa,202.0
107,MUS,Mauritius,MRI,MUS,MU,MAU,Mauricio,Maurice,MAS,M,Africa,AFR,MA,Upper middle income,WB_UMI,2017.0,2018.0,MU,MUS,Mauritius,480.0,Eastern Africa,14.0,ISO 3166-2:MU,Mauritius,1265303.0,Africa,2.0,Sub-Saharan Africa,202.0
108,MEX,Mexico,MEX,MEX,MX,MEX,Mexico,Mexique,MEX,M,Americas,AMR,MX,Upper middle income,WB_UMI,2017.0,2018.0,MX,MEX,Mexico,484.0,Central America,13.0,ISO 3166-2:MX,Mexico,126190788.0,Americas,19.0,Latin America and the Caribbean,419.0
109,FSM,Micronesia (Federated States of),FSM,FSM,FM,FSM,Micronesia (Estados Federados de),Micronésie (États fédérés de),MIC,M,Western Pacific,WPR,,Lower middle income,WB_LMI,2017.0,2018.0,FM,FSM,Micronesia,583.0,,,ISO 3166-2:FM,Micronesia (Federated States of),112640.0,Oceania,9.0,Micronesia,57.0
110,MCO,Monaco,MON,MCO,MC,MCO,Monaco,Monaco,MON,M,Europe,EUR,,High income,WB_HI,2017.0,2018.0,MC,MCO,Monaco,492.0,,,ISO 3166-2:MC,Monaco,38682.0,Europe,150.0,Western Europe,155.0
111,MNG,Mongolia,MGL,MNG,MN,MNG,Mongolia,Mongolie,MOG,M,Western Pacific,WPR,MO,Lower middle income,WB_LMI,2017.0,2018.0,MN,MNG,Mongolia,496.0,,,ISO 3166-2:MN,Mongolia,3170208.0,Asia,142.0,Eastern Asia,30.0
112,MAR,Morocco,MAR,MAR,MA,MRC,Marruecos,Maroc,MOR,M,Eastern Mediterranean,EMR,MC,Lower middle income,WB_LMI,2017.0,2018.0,MA,MAR,Morocco,504.0,,,ISO 3166-2:MA,Morocco,36029138.0,Africa,2.0,Northern Africa,15.0
113,MOZ,Mozambique,MOZ,MOZ,MZ,MOZ,Mozambique,Mozambique,MOZ,M,Africa,AFR,MZ,Low income,WB_LI,2017.0,2018.0,MZ,MOZ,Mozambique,508.0,Eastern Africa,14.0,ISO 3166-2:MZ,Mozambique,29495962.0,Africa,2.0,Sub-Saharan Africa,202.0
114,MMR,Myanmar,MYA,MMR,MM,BRM,Myanmar,Myanmar,MMR,M,South-East Asia,SEAR,BM,Lower middle income,WB_LMI,2017.0,2018.0,MM,MMR,Myanmar,104.0,,,ISO 3166-2:MM,Myanmar,53708395.0,Asia,142.0,South-eastern Asia,35.0
115,NAM,Namibia,NAM,NAM,,NMB,Namibia,Namibie,NAM,M,Africa,AFR,NM,Upper middle income,WB_UMI,2017.0,2018.0,,NAM,Namibia,516.0,Southern Africa,18.0,ISO 3166-2:NA,Namibia,2448255.0,Africa,2.0,Sub-Saharan Africa,202.0
116,NRU,Nauru,NRU,NRU,NR,NRU,Nauru,Nauru,NRU,M,Western Pacific,WPR,NW,Upper middle income,WB_UMI,2017.0,2018.0,NR,NRU,Nauru,520.0,,,ISO 3166-2:NR,Nauru,12704.0,Oceania,9.0,Micronesia,57.0
117,NPL,Nepal,NEP,NPL,NP,NPL,Nepal,Népal,NEP,M,South-East Asia,SEAR,NP,Low income,WB_LI,2017.0,2018.0,NP,NPL,Nepal,524.0,,,ISO 3166-2:NP,Nepal,28087871.0,Asia,142.0,Southern Asia,34.0
118,NLD,Netherlands,NED,NLD,NL,HOL,Paises Bajos,Pays-Bas,NET,M,Europe,EUR,NL,High income,WB_HI,2017.0,2018.0,NL,NLD,Netherlands,528.0,,,ISO 3166-2:NL,Netherlands,17231017.0,Europe,150.0,Western Europe,155.0
119,NZL,New Zealand,NZL,NZL,NZ,NZL,Nueva Zelandia,Nouvelle-Zélande,NEZ,M,Western Pacific,WPR,NZ,High income,WB_HI,2017.0,2018.0,NZ,NZL,New Zealand,554.0,,,ISO 3166-2:NZ,New Zealand,4885500.0,Oceania,9.0,Australia and New Zealand,53.0
120,NIC,Nicaragua,NCA,NIC,NI,NCG,Nicaragua,Nicaragua,NIC,M,Americas,AMR,NK,Lower middle income,WB_LMI,2017.0,2018.0,NI,NIC,Nicaragua,558.0,Central America,13.0,ISO 3166-2:NI,Nicaragua,6465513.0,Americas,19.0,Latin America and the Caribbean,419.0
121,NER,Niger,NIG,NER,NE,NGR,Niger,Niger,NIG,M,Africa,AFR,NR,Low income,WB_LI,2017.0,2018.0,NE,NER,Niger,562.0,Western Africa,11.0,ISO 3166-2:NE,Niger,22442948.0,Africa,2.0,Sub-Saharan Africa,202.0
122,NGA,Nigeria,NGR,NGA,NG,NIG,Nigeria,Nigéria,NIE,M,Africa,AFR,NI,Lower middle income,WB_LMI,2017.0,2018.0,NG,NGA,Nigeria,566.0,Western Africa,11.0,ISO 3166-2:NG,Nigeria,195874740.0,Africa,2.0,Sub-Saharan Africa,202.0
123,NOR,Norway,NOR,NOR,NO,NOR,Noruega,Norvège,NOR,M,Europe,EUR,NO,High income,WB_HI,2017.0,2018.0,NO,NOR,Norway,578.0,,,ISO 3166-2:NO,Norway,5314336.0,Europe,150.0,Northern Europe,154.0
124,OMN,Oman,OMA,OMN,OM,OMA,Oman,Oman,OMA,M,Eastern Mediterranean,EMR,OM,High income,WB_HI,2017.0,2018.0,OM,OMN,Oman,512.0,,,ISO 3166-2:OM,Oman,4829483.0,Asia,142.0,Western Asia,145.0
125,PAK,Pakistan,PAK,PAK,PK,PAK,Pakistan,Pakistan,PAK,M,Eastern Mediterranean,EMR,PK,Lower middle income,WB_LMI,2017.0,2018.0,PK,PAK,Pakistan,586.0,,,ISO 3166-2:PK,Pakistan,212215030.0,Asia,142.0,Southern Asia,34.0
126,PLW,Palau,PLW,PLW,PW,PLW,Palau,Palaos,BLA,M,Western Pacific,WPR,,High income,WB_HI,2017.0,2018.0,PW,PLW,Palau,585.0,,,ISO 3166-2:PW,Palau,17907.0,Oceania,9.0,Micronesia,57.0
127,PAN,Panama,PAN,PAN,PA,PNR,Panama,Panama,PAN,M,Americas,AMR,PM,High income,WB_HI,2017.0,2018.0,PA,PAN,Panama,591.0,Central America,13.0,ISO 3166-2:PA,Panama,4176873.0,Americas,19.0,Latin America and the Caribbean,419.0
128,PNG,Papua New Guinea,PNG,PNG,PG,PNG,Papua Nueva Guinea,Papouasie-Nouvelle-Guinée,PNG,M,Western Pacific,WPR,NG,Lower middle income,WB_LMI,2017.0,2018.0,PG,PNG,Papua New Guinea,598.0,,,ISO 3166-2:PG,Papua New Guinea,8606316.0,Oceania,9.0,Melanesia,54.0
129,PRY,Paraguay,PAR,PRY,PY,PRG,Paraguay,Paraguay,PAR,M,Americas,AMR,PY,Upper middle income,WB_UMI,2017.0,2018.0,PY,PRY,Paraguay,600.0,South America,5.0,ISO 3166-2:PY,Paraguay,6956071.0,Americas,19.0,Latin America and the Caribbean,419.0
130,PER,Peru,PER,PER,PE,PRU,Peru,Pérou,PER,M,Americas,AMR,PR,Upper middle income,WB_UMI,2017.0,2018.0,PE,PER,Peru,604.0,South America,5.0,ISO 3166-2:PE,Peru,31989256.0,Americas,19.0,Latin America and the Caribbean,419.0
131,PHL,Philippines,PHI,PHL,PH,PHL,Filipinas,Philippines,PHL,M,Western Pacific,WPR,PH,Lower middle income,WB_LMI,2017.0,2018.0,PH,PHL,Philippines,608.0,,,ISO 3166-2:PH,Philippines,106651922.0,Asia,142.0,South-eastern Asia,35.0
132,POL,Poland,POL,POL,PL,POL,Polonia,Pologne,POL,M,Europe,EUR,PL,High income,WB_HI,2017.0,2018.0,PL,POL,Poland,616.0,,,ISO 3166-2:PL,Poland,37978548.0,Europe,150.0,Eastern Europe,151.0
133,PRT,Portugal,POR,PRT,PT,POR,Portugal,Portugal,POR,M,Europe,EUR,PO,High income,WB_HI,2017.0,2018.0,PT,PRT,Portugal,620.0,,,ISO 3166-2:PT,Portugal,10281762.0,Europe,150.0,Southern Europe,39.0
134,QAT,Qatar,QAT,QAT,QA,QAT,Qatar,Qatar,QAT,M,Eastern Mediterranean,EMR,QT,High income,WB_HI,2017.0,2018.0,QA,QAT,Qatar,634.0,,,ISO 3166-2:QA,Qatar,2781677.0,Asia,142.0,Western Asia,145.0
135,KOR,Republic of Korea,KOR,KOR,KR,KOR,Republica de Corea,République de Corée,KOR,M,Western Pacific,WPR,KO,High income,WB_HI,2017.0,2018.0,KR,KOR,South Korea,410.0,,,ISO 3166-2:KR,"Korea, Republic of",51635256.0,Asia,142.0,Eastern Asia,30.0
136,MDA,Republic of Moldova,MDA,MDA,MD,MDA,la Republica de Moldova,République de Moldova,MDA,M,Europe,EUR,RM,Lower middle income,WB_LMI,2017.0,2018.0,MD,MDA,Moldova,498.0,,,ISO 3166-2:MD,"Moldova, Republic of",3545883.0,Europe,150.0,Eastern Europe,151.0
137,ROU,Romania,ROM,ROU,RO,ROU,Rumania,Roumanie,ROM,M,Europe,EUR,RO,Upper middle income,WB_UMI,2017.0,2018.0,RO,ROU,Romania,642.0,,,ISO 3166-2:RO,Romania,19473936.0,Europe,150.0,Eastern Europe,151.0
138,RUS,Russian Federation,RUS,RUS,RU,RUS,Federacion de Rusia,Fédération de Russie,RUS,M,Europe,EUR,RS,Upper middle income,WB_UMI,2017.0,2018.0,RU,RUS,Russia,643.0,,,ISO 3166-2:RU,Russian Federation,144478050.0,Europe,150.0,Eastern Europe,151.0
139,RWA,Rwanda,RWA,RWA,RW,RRW,Rwanda,Rwanda,RWA,M,Africa,AFR,RW,Low income,WB_LI,2017.0,2018.0,RW,RWA,Rwanda,646.0,Eastern Africa,14.0,ISO 3166-2:RW,Rwanda,12301939.0,Africa,2.0,Sub-Saharan Africa,202.0
140,KNA,Saint Kitts and Nevis,SKN,KNA,KN,SCN,Saint Kitts y Nevis,Saint-Kitts-et-Nevis,SCN,M,Americas,AMR,AT,High income,WB_HI,2017.0,2018.0,KN,KNA,Saint Kitts and Nevis,659.0,Caribbean,29.0,ISO 3166-2:KN,Saint Kitts and Nevis,52441.0,Americas,19.0,Latin America and the Caribbean,419.0
141,LCA,Saint Lucia,LCA,LCA,LC,LCA,Santa Lucia,Sainte-Lucie,SAL,M,Americas,AMR,LC,Upper middle income,WB_UMI,2017.0,2018.0,LC,LCA,Saint Lucia,662.0,Caribbean,29.0,ISO 3166-2:LC,Saint Lucia,181889.0,Americas,19.0,Latin America and the Caribbean,419.0
142,VCT,Saint Vincent and the Grenadines,VIN,VCT,VC,VCT,San Vicente y las Granadinas,Saint-Vincent-et-les Grenadines,SAV,M,Americas,AMR,VG,Upper middle income,WB_UMI,2017.0,2018.0,VC,VCT,Saint Vincent and the Grenadines,670.0,Caribbean,29.0,ISO 3166-2:VC,Saint Vincent and the Grenadines,110210.0,Americas,19.0,Latin America and the Caribbean,419.0
143,WSM,Samoa,SAM,WSM,WS,SMO,Samoa,Samoa,SMA,M,Western Pacific,WPR,ZM,Upper middle income,WB_UMI,2017.0,2018.0,WS,WSM,Samoa,882.0,,,ISO 3166-2:WS,Samoa,196130.0,Oceania,9.0,Polynesia,61.0
144,SMR,San Marino,SMR,SMR,SM,SMR,San Marino,Saint-Marin,SMR,M,Europe,EUR,,High income,WB_HI,2017.0,2018.0,SM,SMR,San Marino,674.0,,,ISO 3166-2:SM,San Marino,33785.0,Europe,150.0,Southern Europe,39.0
145,STP,Sao Tome and Principe,STP,STP,ST,STP,Santo Tome y Principe,Sao Tomé-et-Principe,STP,M,Africa,AFR,TP,Lower middle income,WB_LMI,2017.0,2018.0,ST,STP,Sao Tome and Principe,678.0,Middle Africa,17.0,ISO 3166-2:ST,Sao Tome and Principe,211028.0,Africa,2.0,Sub-Saharan Africa,202.0
146,SAU,Saudi Arabia,KSA,SAU,SA,ARS,Arabia Saudita,Arabie saoudite,SAA,M,Eastern Mediterranean,EMR,SD,High income,WB_HI,2017.0,2018.0,SA,SAU,Saudi Arabia,682.0,,,ISO 3166-2:SA,Saudi Arabia,33699947.0,Asia,142.0,Western Asia,145.0
147,SEN,Senegal,SEN,SEN,SN,SEN,Senegal,Sénégal,SEN,M,Africa,AFR,SG,Low income,WB_LI,2017.0,2018.0,SN,SEN,Senegal,686.0,Western Africa,11.0,ISO 3166-2:SN,Senegal,15854360.0,Africa,2.0,Sub-Saharan Africa,202.0
148,SRB,Serbia,SER,SRB,RS,SRB,Serbia,Serbie,SRB,M,Europe,EUR,YG,Upper middle income,WB_UMI,2017.0,2018.0,RS,SRB,Serbia,688.0,,,ISO 3166-2:RS,Serbia,6982084.0,Europe,150.0,Southern Europe,39.0
149,SYC,Seychelles,SEY,SYC,SC,SEY,Seychelles,Seychelles,SEY,M,Africa,AFR,SC,High income,WB_HI,2017.0,2018.0,SC,SYC,Seychelles,690.0,Eastern Africa,14.0,ISO 3166-2:SC,Seychelles,96762.0,Africa,2.0,Sub-Saharan Africa,202.0
150,SLE,Sierra Leone,SLE,SLE,SL,SRL,Sierra Leona,Sierra Leone,SIL,M,Africa,AFR,SL,Low income,WB_LI,2017.0,2018.0,SL,SLE,Sierra Leone,694.0,Western Africa,11.0,ISO 3166-2:SL,Sierra Leone,7650154.0,Africa,2.0,Sub-Saharan Africa,202.0
151,SGP,Singapore,SIN,SGP,SG,SNG,Singapur,Singapour,SIN,M,Western Pacific,WPR,SR,High income,WB_HI,2017.0,2018.0,SG,SGP,Singapore,702.0,,,ISO 3166-2:SG,Singapore,5638676.0,Asia,142.0,South-eastern Asia,35.0
152,SVK,Slovakia,SVK,SVK,SK,SVK,Eslovaquia,Slovaquie,SVK,M,Europe,EUR,SQ,High income,WB_HI,2017.0,2018.0,SK,SVK,Slovakia,703.0,,,ISO 3166-2:SK,Slovakia,5447011.0,Europe,150.0,Eastern Europe,151.0
153,SVN,Slovenia,SLO,SVN,SI,SVN,Eslovenia,Slovénie,SVN,M,Europe,EUR,LJ,High income,WB_HI,2017.0,2018.0,SI,SVN,Slovenia,705.0,,,ISO 3166-2:SI,Slovenia,2067372.0,Europe,150.0,Southern Europe,39.0
154,SLB,Solomon Islands,SOL,SLB,SB,SLM,Islas Salomon,Îles Salomon,SOL,M,Western Pacific,WPR,SO,Lower middle income,WB_LMI,2017.0,2018.0,SB,SLB,Solomon Islands,90.0,,,ISO 3166-2:SB,Solomon Islands,652858.0,Oceania,9.0,Melanesia,54.0
155,SOM,Somalia,SOM,SOM,SO,SOM,Somalia,Somalie,SOM,M,Eastern Mediterranean,EMR,SI,Low income,WB_LI,2017.0,2018.0,SO,SOM,Somalia,706.0,Eastern Africa,14.0,ISO 3166-2:SO,Somalia,15008154.0,Africa,2.0,Sub-Saharan Africa,202.0
156,ZAF,South Africa,RSA,ZAF,ZA,AFS,Sudafrica,Afrique du Sud,SOA,M,Africa,AFR,ZA,Upper middle income,WB_UMI,2017.0,2018.0,ZA,ZAF,South Africa,710.0,Southern Africa,18.0,ISO 3166-2:ZA,South Africa,57779622.0,Africa,2.0,Sub-Saharan Africa,202.0
157,ESP,Spain,ESP,ESP,ES,E,Espana,Espagne,SPA,M,Europe,EUR,SP,High income,WB_HI,2017.0,2018.0,ES,ESP,Spain,724.0,,,ISO 3166-2:ES,Spain,46723749.0,Europe,150.0,Southern Europe,39.0
158,LKA,Sri Lanka,SRI,LKA,LK,CLN,Sri Lanka,Sri Lanka,SRL,M,South-East Asia,SEAR,SB,Lower middle income,WB_LMI,2017.0,2018.0,LK,LKA,Sri Lanka,144.0,,,ISO 3166-2:LK,Sri Lanka,21670000.0,Asia,142.0,Southern Asia,34.0
159,SDN,Sudan,SUD,SDN,SD,SDN,Sudan,Soudan,SUD,M,Eastern Mediterranean,EMR,SU,Lower middle income,WB_LMI,2017.0,2018.0,SD,SDN,Sudan,729.0,,,ISO 3166-2:SD,Sudan,41801533.0,Africa,2.0,Northern Africa,15.0
160,SUR,Suriname,SUR,SUR,SR,SUR,Suriname,Suriname,SUR,M,Americas,AMR,SM,Upper middle income,WB_UMI,2017.0,2018.0,SR,SUR,Suriname,740.0,South America,5.0,ISO 3166-2:SR,Suriname,575991.0,Americas,19.0,Latin America and the Caribbean,419.0
161,SWZ,Eswatini,SWZ,SWZ,SZ,SWZ,Eswatini,Eswatini,SWZ,M,Africa,AFR,SV,Lower middle income,WB_LMI,2017.0,2018.0,SZ,SWZ,Eswatini,748.0,Southern Africa,18.0,ISO 3166-2:SZ,Eswatini,1136191.0,Africa,2.0,Sub-Saharan Africa,202.0
162,SWE,Sweden,SWE,SWE,SE,S,Suecia,Suède,SWE,M,Europe,EUR,SN,High income,WB_HI,2017.0,2018.0,SE,SWE,Sweden,752.0,,,ISO 3166-2:SE,Sweden,10183175.0,Europe,150.0,Northern Europe,154.0
163,CHE,Switzerland,SUI,CHE,CH,SUI,Suiza,Suisse,SWI,M,Europe,EUR,SW,High income,WB_HI,2017.0,2018.0,CH,CHE,Switzerland,756.0,,,ISO 3166-2:CH,Switzerland,8516543.0,Europe,150.0,Western Europe,155.0
164,SYR,Syrian Arab Republic,SYR,SYR,SY,SYR,Republica Arabe Siria,République arabe syrienne,SYR,M,Eastern Mediterranean,EMR,SY,Low income,WB_LI,2017.0,2018.0,SY,SYR,Syria,760.0,,,ISO 3166-2:SY,Syrian Arab Republic,16906283.0,Asia,142.0,Western Asia,145.0
165,TJK,Tajikistan,TJK,TJK,TJ,TJK,Tayikistan,Tadjikistan,TJK,M,Europe,EUR,TA,Low income,WB_LI,2017.0,2018.0,TJ,TJK,Tajikistan,762.0,,,ISO 3166-2:TJ,Tajikistan,9100837.0,Asia,142.0,Central Asia,143.0
166,THA,Thailand,THA,THA,TH,THA,Tailandia,Thaïlande,THA,M,South-East Asia,SEAR,TH,Upper middle income,WB_UMI,2017.0,2018.0,TH,THA,Thailand,764.0,,,ISO 3166-2:TH,Thailand,69428524.0,Asia,142.0,South-eastern Asia,35.0
167,MKD,Republic of North Macedonia,MKD,MKD,MK,MKD,North Macedonia,ex-République yougoslave de Macédoine,MKD,M,Europe,EUR,MJ,Upper middle income,WB_UMI,2017.0,2018.0,MK,MKD,North Macedonia,807.0,,,ISO 3166-2:MK,North Macedonia,2082958.0,Europe,150.0,Southern Europe,39.0
168,TLS,Timor-Leste,TLS,TLS,TL,TMP,Timor-Leste,Timor-Leste,TLS,M,South-East Asia,SEAR,TM,Lower middle income,WB_LMI,2017.0,2018.0,TL,TLS,Timor-Leste,626.0,,,ISO 3166-2:TL,Timor-Leste,1267972.0,Asia,142.0,South-eastern Asia,35.0
169,TGO,Togo,TOG,TGO,TG,TGO,Togo (el),Togo,TOG,M,Africa,AFR,TG,Low income,WB_LI,2017.0,2018.0,TG,TGO,Togo,768.0,Western Africa,11.0,ISO 3166-2:TG,Togo,7889094.0,Africa,2.0,Sub-Saharan Africa,202.0
170,TON,Tonga,TGA,TON,TO,TON,Tonga,Tonga,TON,M,Western Pacific,WPR,TO,Upper middle income,WB_UMI,2017.0,2018.0,TO,TON,Tonga,776.0,,,ISO 3166-2:TO,Tonga,103197.0,Oceania,9.0,Polynesia,61.0
171,TTO,Trinidad and Tobago,TRI,TTO,TT,TRD,Trinidad y Tabago,Trinité-et-Tobago,TRT,M,Americas,AMR,TD,High income,WB_HI,2017.0,2018.0,TT,TTO,Trinidad and Tobago,780.0,Caribbean,29.0,ISO 3166-2:TT,Trinidad and Tobago,1389858.0,Americas,19.0,Latin America and the Caribbean,419.0
172,TUN,Tunisia,TUN,TUN,TN,TUN,Tunez,Tunisie,TUN,M,Eastern Mediterranean,EMR,TS,Lower middle income,WB_LMI,2017.0,2018.0,TN,TUN,Tunisia,788.0,,,ISO 3166-2:TN,Tunisia,11565204.0,Africa,2.0,Northern Africa,15.0
173,TUR,Turkey,TUR,TUR,TR,TUR,Turquia,Turquie,TUR,M,Europe,EUR,TU,Upper middle income,WB_UMI,2017.0,2018.0,TR,TUR,Turkey,792.0,,,ISO 3166-2:TR,Turkey,82319724.0,Asia,142.0,Western Asia,145.0
174,TKM,Turkmenistan,TKM,TKM,TM,TKM,Turkmenistan,Turkménistan,TKM,M,Europe,EUR,TR,Upper middle income,WB_UMI,2017.0,2018.0,TM,TKM,Turkmenistan,795.0,,,ISO 3166-2:TM,Turkmenistan,5850908.0,Asia,142.0,Central Asia,143.0
175,TUV,Tuvalu,TUV,TUV,TV,TUV,Tuvalu,Tuvalu,TUV,M,Western Pacific,WPR,TV,Upper middle income,WB_UMI,2017.0,2018.0,TV,TUV,Tuvalu,798.0,,,ISO 3166-2:TV,Tuvalu,11508.0,Oceania,9.0,Polynesia,61.0
176,UGA,Uganda,UGA,UGA,UG,UGA,Uganda,Ouganda,UGA,M,Africa,AFR,UG,Low income,WB_LI,2017.0,2018.0,UG,UGA,Uganda,800.0,Eastern Africa,14.0,ISO 3166-2:UG,Uganda,42723139.0,Africa,2.0,Sub-Saharan Africa,202.0
177,UKR,Ukraine,UKR,UKR,UA,UKR,Ucrania,Ukraine,UKR,M,Europe,EUR,UR,Lower middle income,WB_LMI,2017.0,2018.0,UA,UKR,Ukraine,804.0,,,ISO 3166-2:UA,Ukraine,44622516.0,Europe,150.0,Eastern Europe,151.0
178,ARE,United Arab Emirates,UAE,ARE,AE,UAE,Emiratos A�rabes Unidos,Émirats arabes unis,UAE,M,Eastern Mediterranean,EMR,ER,High income,WB_HI,2017.0,2018.0,AE,ARE,United Arab Emirates,784.0,,,ISO 3166-2:AE,United Arab Emirates,9630959.0,Asia,142.0,Western Asia,145.0
179,GBR,United Kingdom of Great Britain and Northern Ireland,GBR,GBR,GB,G,Reino Unido de Gran Bretana e Irlanda del Norte,Royaume-Uni de Grande-Bretagne et d'Irlande du Nord,UNK,M,Europe,EUR,UK,High income,WB_HI,2017.0,2018.0,GB,GBR,United Kingdom,826.0,,,ISO 3166-2:GB,United Kingdom of Great Britain and Northern Ireland,66488991.0,Europe,150.0,Northern Europe,154.0
180,TZA,United Republic of Tanzania,TAN,TZA,TZ,TZA,Republica Unida de Tanzania,République-Unie de Tanzanie,TAN,M,Africa,AFR,TN,Low income,WB_LI,2017.0,2018.0,TZ,TZA,Tanzania,834.0,Eastern Africa,14.0,ISO 3166-2:TZ,"Tanzania, United Republic of",56318348.0,Africa,2.0,Sub-Saharan Africa,202.0
181,USA,United States of America,USA,USA,US,USA,Estados Unidos de America,États-Unis d'Amérique,USA,M,Americas,AMR,US,High income,WB_HI,2017.0,2018.0,US,USA,USA,840.0,,,ISO 3166-2:US,United States of America,327167434.0,Americas,19.0,Northern America,21.0
182,URY,Uruguay,URU,URY,UY,URG,Uruguay,Uruguay,URU,M,Americas,AMR,UY,High income,WB_HI,2017.0,2018.0,UY,URY,Uruguay,858.0,South America,5.0,ISO 3166-2:UY,Uruguay,3449299.0,Americas,19.0,Latin America and the Caribbean,419.0
183,UZB,Uzbekistan,UZB,UZB,UZ,UZB,Uzbekistan,Ouzbékistan,UZB,M,Europe,EUR,UZ,Lower middle income,WB_LMI,2017.0,2018.0,UZ,UZB,Uzbekistan,860.0,,,ISO 3166-2:UZ,Uzbekistan,32955400.0,Asia,142.0,Central Asia,143.0
184,VUT,Vanuatu,VAN,VUT,VU,VUT,Vanuatu,Vanuatu,VAN,M,Western Pacific,WPR,NV,Lower middle income,WB_LMI,2017.0,2018.0,VU,VUT,Vanuatu,548.0,,,ISO 3166-2:VU,Vanuatu,292680.0,Oceania,9.0,Melanesia,54.0
185,VEN,Venezuela (Bolivarian Republic of),VEN,VEN,VE,VEN,Venezuela (Republica Bolivariana de),Venezuela (République bolivarienne du),VEN,M,Americas,AMR,VN,Upper middle income,WB_UMI,2017.0,2018.0,VE,VEN,Venezuela,862.0,South America,5.0,ISO 3166-2:VE,Venezuela (Bolivarian Republic of),28870195.0,Americas,19.0,Latin America and the Caribbean,419.0
186,VNM,Viet Nam,VIE,VNM,VN,VTN,Viet Nam,Viet Nam,VTN,M,Western Pacific,WPR,VS,Lower middle income,WB_LMI,2017.0,2018.0,VN,VNM,Viet Nam,704.0,,,ISO 3166-2:VN,Viet Nam,95540395.0,Asia,142.0,South-eastern Asia,35.0
187,YEM,Yemen,YEM,YEM,YE,YEM,Yemen,Yémen,YEM,M,Eastern Mediterranean,EMR,YE,Low income,WB_LI,2017.0,2018.0,YE,YEM,Yemen,887.0,,,ISO 3166-2:YE,Yemen,28498687.0,Asia,142.0,Western Asia,145.0
188,ZMB,Zambia,ZAM,ZMB,ZM,ZMB,Zambia,Zambie,ZAM,M,Africa,AFR,ZB,Lower middle income,WB_LMI,2017.0,2018.0,ZM,ZMB,Zambia,894.0,Eastern Africa,14.0,ISO 3166-2:ZM,Zambia,17351822.0,Africa,2.0,Sub-Saharan Africa,202.0
189,ZWE,Zimbabwe,ZIM,ZWE,ZW,ZWE,Zimbabwe,Zimbabwe,ZIM,M,Africa,AFR,ZW,Low income,WB_LI,2017.0,2018.0,ZW,ZWE,Zimbabwe,716.0,Eastern Africa,14.0,ISO 3166-2:ZW,Zimbabwe,14439018.0,Africa,2.0,Sub-Saharan Africa,202.0
190,MNE,Montenegro,,MNE,,,Montenegro,Monténégro,,M,Europe,EUR,,Upper middle income,WB_UMI,2017.0,2018.0,ME,MNE,Montenegro,499.0,,,ISO 3166-2:ME,Montenegro,622345.0,Europe,150.0,Southern Europe,39.0
191,ABW,Aruba,,ABW,,,,,,,,,,High income,WB_HI,2017.0,2018.0,AW,ABW,Aruba,533.0,Caribbean,29.0,ISO 3166-2:AW,Aruba,105845.0,Americas,19.0,Latin America and the Caribbean,419.0
192,BMU,Bermuda,,BMU,,,,,,,,,,High income,WB_HI,2017.0,2018.0,BM,BMU,Bermuda,60.0,,,ISO 3166-2:BM,Bermuda,63968.0,Americas,19.0,Northern America,21.0
193,VGB,British Virgin Islands,,VGB,,,,,,,,,,High income,WB_HI,2017.0,2018.0,VG,VGB,Virgin Islands (British),92.0,Caribbean,29.0,ISO 3166-2:VG,Virgin Islands (British),29802.0,Americas,19.0,Latin America and the Caribbean,419.0
194,CYM,Cayman Islands,,CYM,,,,,,,,,,High income,WB_HI,2017.0,2018.0,KY,CYM,Cayman Islands,136.0,Caribbean,29.0,ISO 3166-2:KY,Cayman Islands,64174.0,Americas,19.0,Latin America and the Caribbean,419.0
195,PRI,Puerto Rico,,PRI,,,,,,A,,,,High income,WB_HI,2017.0,2018.0,PR,PRI,Puerto Rico,630.0,Caribbean,29.0,ISO 3166-2:PR,Puerto Rico,3195153.0,Americas,19.0,Latin America and the Caribbean,419.0
196,TCA,Turks and Caicos Islands,,TCA,,,,,,,,,,High income,WB_HI,2017.0,2018.0,TC,TCA,Turks and Caicos Islands,796.0,Caribbean,29.0,ISO 3166-2:TC,Turks and Caicos Islands,37665.0,Americas,19.0,Latin America and the Caribbean,419.0
197,VIR,Virgin Islands (USA),,VIR,,,,,,,,,,High income,WB_HI,2017.0,2018.0,VI,VIR,Virgin Islands (U.S.),850.0,Caribbean,29.0,ISO 3166-2:VI,Virgin Islands (U.S.),106977.0,Americas,19.0,Latin America and the Caribbean,419.0
198,HKG,"China, Hong Kong Special Administrative Region",,HKG,,,,,,,,,,High income,WB_HI,2017.0,2018.0,HK,HKG,Hong Kong,344.0,,,ISO 3166-2:HK,Hong Kong,7451000.0,Asia,142.0,Eastern Asia,30.0
199,MAC,"China, Macao Special Administrative Region",,MAC,,,,,,,,,,High income,WB_HI,2017.0,2018.0,MO,MAC,Macau,446.0,,,ISO 3166-2:MO,Macao,631636.0,Asia,142.0,Eastern Asia,30.0
200,PSE,West Bank and Gaza Strip,,PSE,,,,,,,,,,Lower middle income,WB_LMI,2017.0,2018.0,PS,PSE,Palestine,275.0,,,ISO 3166-2:PS,"Palestine, State of",4569087.0,Asia,142.0,Western Asia,145.0
201,GUM,Guam,,GUM,,,,,,,,,,High income,WB_HI,2017.0,2018.0,GU,GUM,Guam,316.0,,,ISO 3166-2:GU,Guam,165768.0,Oceania,9.0,Micronesia,57.0
202,PYF,French Polynesia,,PYF,,,,,,,,,,High income,WB_HI,2017.0,2018.0,PF,PYF,French Polynesia,258.0,,,ISO 3166-2:PF,French Polynesia,277679.0,Oceania,9.0,Polynesia,61.0
203,FRO,Faroe Islands,,FRO,,,,,,,,,,High income,WB_HI,2017.0,2018.0,FO,FRO,Faroe Islands,234.0,,,ISO 3166-2:FO,Faroe Islands,48497.0,Europe,150.0,Northern Europe,154.0
204,GRL,Greenland,,GRL,,,,,,,,,,High income,WB_HI,2017.0,2018.0,GL,GRL,Greenland,304.0,,,ISO 3166-2:GL,Greenland,56025.0,Americas,19.0,Northern America,21.0
205,NCL,New Caledonia,,NCL,,,,,,,,,,High income,WB_HI,2017.0,2018.0,NC,NCL,New Caledonia,540.0,,,ISO 3166-2:NC,New Caledonia,284060.0,Oceania,9.0,Melanesia,54.0
206,ASM,American Samoa,,ASM,,,,,,,,,,Upper middle income,WB_UMI,2017.0,2018.0,AS,ASM,American Samoa,16.0,,,ISO 3166-2:AS,American Samoa,55465.0,Oceania,9.0,Polynesia,61.0
207,MNP,Northern Mariana Islands,,MNP,,,,,,,,,,High income,WB_HI,2017.0,2018.0,MP,MNP,Northern Mariana Islands,580.0,,,ISO 3166-2:MP,Northern Mariana Islands,56882.0,Oceania,9.0,Micronesia,57.0
208,GIB,Gibraltar,,GIB,,,,,,,,,,High income,WB_HI,2017.0,2018.0,GI,GIB,Gibraltar,292.0,,,ISO 3166-2:GI,Gibraltar,33718.0,Europe,150.0,Southern Europe,39.0
209,LIE,Liechtenstein,,LIE,,,,,,,,,,High income,WB_HI,2017.0,2018.0,LI,LIE,Liechtenstein,438.0,,,ISO 3166-2:LI,Liechtenstein,37910.0,Europe,150.0,Western Europe,155.0
210,CUW,Curaçao,,CUW,,,,,,,,,,High income,WB_HI,2017.0,2018.0,CW,CUW,Curacao,531.0,Caribbean,29.0,ISO 3166-2:CW,Curaçao,159849.0,Americas,19.0,Latin America and the Caribbean,419.0
211,SXM,Sint Maarten (Dutch part),,SXM,,,,,,,,,,High income,WB_HI,2017.0,2018.0,SX,SXM,Sint Maarten (Dutch part),534.0,Caribbean,29.0,ISO 3166-2:SX,Sint Maarten (Dutch part),40654.0,Americas,19.0,Latin America and the Caribbean,419.0
212,SSD,South Sudan,,SSD,,, Sudan del Sur,Soudan du Sud,,M,Africa,AFR,,Low income,WB_LI,2017.0,2018.0,SS,SSD,South Sudan,728.0,Eastern Africa,14.0,ISO 3166-2:SS,South Sudan,10975920.0,Africa,2.0,Sub-Saharan Africa,202.0
213,,,,,,,,,,,,,,,,,,,,Africa(Total),,,,,,1270737587.0,Africa,,,
214,,,,,,,,,,,,,,,,,,,,Americas(Total),,,,,,1005666534.0,Americas,,,
215,,,,,,,,,,,,,,,,,,,,Asia(Total),,,,,,4502432953.0,Asia,,,
216,,,,,,,,,,,,,,,,,,,,Europe(Total),,,,,,744487676.0,Europe,,,
217,,,,,,,,,,,,,,,,,,,,Oceania(Total),,,,,,41781406.0,Oceania,,,
